Rk,Player,Pos,Age,Tm,G,MP,PER,TS%,3PAr,FTr,ORB%,DRB%,TRB%,AST%,STL%,BLK%,TOV%,USG%,,OWS,DWS,WS,WS/48,,OBPM,DBPM,BPM,VORP
1,Steven Adams\adamsst01,C,26,OKC,16,420,18.8,.577,.000,.347,11.4,25.7,18.6,16.8,0.9,2.9,13.9,16.6,,0.8,0.6,1.4,.157,,-0.2,2.9,2.7,0.5
2,Bam Adebayo\adebaba01,C,22,MIA,19,609,20.2,.615,.036,.659,9.1,27.4,18.7,19.9,2.3,3.7,19.7,18.9,,1.2,1.3,2.5,.200,,0.2,5.3,5.5,1.1
3,LaMarcus Aldridge\aldrila01,C,34,SAS,20,656,20.8,.575,.105,.243,6.5,15.6,10.9,11.9,0.9,4.5,9.1,23.3,,1.3,0.3,1.7,.122,,1.0,0.0,1.0,0.5
4,Nickeil Alexander-Walker\alexani01,SG,21,NOP,16,230,7.4,.436,.545,.125,0.9,16.3,8.3,22.0,1.0,0.8,14.5,24.6,,-0.4,0.1,-0.3,-0.062,,-3.7,-2.9,-6.6,-0.3
5,Grayson Allen\allengr01,SG,24,MEM,9,157,5.7,.437,.516,.242,1.3,15.6,8.4,12.0,0.9,0.0,12.7,20.7,,-0.2,0.0,-0.2,-0.055,,-4.4,-3.1,-7.4,-0.2
6,Jarrett Allen\allenja01,C,21,BRK,20,529,21.5,.665,.007,.652,13.6,27.1,20.5,6.5,1.1,3.8,11.7,15.4,,1.6,0.8,2.4,.214,,0.6,1.8,2.4,0.6
7,Al-Farouq Aminu\aminual01,PF,29,ORL,18,380,8.0,.395,.419,.337,6.4,18.1,12.0,7.8,2.3,1.9,14.7,13.2,,-0.4,0.6,0.2,.031,,-4.7,2.7,-2.0,0.0
8,Kyle Anderson\anderky01,PF,26,MEM,17,348,14.3,.541,.172,.301,4.8,18.0,11.3,17.4,1.6,3.0,12.5,14.3,,0.4,0.3,0.7,.090,,-1.1,1.4,0.2,0.2
9,Ryan Anderson\anderry01,PF,31,HOU,2,14,9.8,.357,.714,.000,0.0,50.8,25.7,20.3,3.3,0.0,12.5,23.2,,0.0,0.0,0.0,-0.021,,-6.6,2.1,-4.5,0.0
10,Giannis Antetokounmpo\antetgi01,PF,25,MIL,20,647,33.2,.607,.238,.540,8.6,31.1,20.3,32.9,2.1,3.8,13.7,37.4,,2.3,1.6,3.9,.290,,7.2,5.1,12.3,2.3
11,Kostas Antetokounmpo\antetko01,PF,22,LAL,2,3,3.9,,,,0.0,35.8,18.3,0.0,0.0,0.0,,0.0,,0.0,0.0,0.0,.079,,-9.6,-0.7,-10.4,0.0
12,Thanasis Antetokounmpo\antetth01,SF,27,MIL,3,13,8.1,.500,.000,.000,15.8,0.0,7.6,10.2,0.0,0.0,20.0,15.8,,0.0,0.0,0.0,.054,,-2.4,-2.5,-4.8,0.0
13,Carmelo Anthony\anthoca01,PF,35,POR,6,184,14.7,.543,.297,.165,3.4,16.3,9.9,11.1,1.0,0.5,11.8,25.1,,0.1,0.1,0.2,.055,,-1.0,-2.2,-3.2,-0.1
14,OG Anunoby\anunoog01,SF,22,TOR,18,541,14.4,.631,.443,.168,3.4,14.9,9.5,8.0,2.0,2.7,12.6,14.5,,0.7,1.0,1.7,.150,,0.8,3.0,3.8,0.8
15,Ryan Arcidiacono\arcidry01,PG,25,CHI,20,340,9.1,.552,.595,.257,2.9,7.7,5.2,15.2,1.5,0.3,12.7,11.5,,0.4,0.2,0.6,.084,,-1.4,-0.7,-2.1,0.0
16,Trevor Ariza\arizatr01,SF,34,SAC,11,227,6.9,.520,.762,.119,2.0,17.6,9.6,5.4,2.0,0.0,13.7,9.8,,0.0,0.2,0.2,.045,,-2.3,0.3,-2.0,0.0
17,D.J. Augustin\augusdj01,PG,32,ORL,19,484,11.7,.481,.385,.244,1.5,8.1,4.7,28.1,1.2,0.0,12.6,17.7,,0.2,0.4,0.7,.067,,-1.6,-1.9,-3.5,-0.2
18,Deandre Ayton\aytonde01,C,21,PHO,1,33,26.6,.643,.000,.000,9.8,27.1,18.3,0.0,1.4,10.7,0.0,18.0,,0.1,0.1,0.2,.223,,-2.5,0.4,-2.1,0.0
19,Dwayne Bacon\bacondw01,SG,24,CHO,15,318,5.0,.391,.286,.195,2.3,12.4,7.1,9.4,2.0,0.6,11.6,22.2,,-0.8,0.1,-0.7,-0.108,,-6.9,-2.2,-9.1,-0.6
20,Marvin Bagley\baglema01,PF,20,SAC,1,28,14.1,.394,.000,.250,15.9,25.2,20.4,0.0,1.8,3.3,5.3,29.2,,-0.1,0.0,0.0,-0.034,,-10.3,-6.7,-17.1,-0.1
21,Lonzo Ball\balllo01,PG,22,NOP,12,330,13.2,.506,.600,.077,3.1,13.0,7.9,29.7,2.0,0.8,18.2,20.4,,0.1,0.1,0.3,.038,,0.4,-1.4,-1.0,0.1
22,Mo Bamba\bambamo01,C,21,ORL,17,260,11.1,.471,.359,.087,9.4,24.8,16.8,5.5,0.9,7.9,18.7,19.6,,-0.4,0.5,0.1,.026,,-6.0,3.3,-2.7,0.0
23,J.J. Barea\bareajo01,PG,35,DAL,3,44,27.0,.676,.400,.080,2.4,6.9,4.7,24.1,2.2,1.9,13.4,28.6,,0.2,0.0,0.2,.207,,5.2,-2.3,2.9,0.1
24,Harrison Barnes\barneha02,PF,27,SAC,18,631,16.8,.619,.350,.408,3.4,13.2,8.2,9.3,1.4,0.6,9.3,18.5,,1.4,0.4,1.8,.140,,1.9,-0.7,1.2,0.5
25,RJ Barrett\barrerj01,SG,19,NYK,19,629,11.9,.469,.229,.387,3.9,14.5,8.9,16.8,2.0,1.3,13.6,24.4,,-0.5,0.4,-0.1,-0.010,,-2.6,-0.5,-3.1,-0.2
26,Will Barton\bartowi01,SF,29,DEN,15,492,17.3,.556,.356,.199,6.1,17.5,11.8,16.2,1.5,1.3,10.0,20.1,,0.8,0.9,1.6,.161,,1.5,1.8,3.2,0.6
27,Keita Bates-Diop\bateske01,SF,24,MIN,8,150,16.6,.699,.542,.167,3.4,12.7,8.1,3.1,1.2,2.1,8.8,15.3,,0.3,0.1,0.5,.148,,0.6,-1.1,-0.4,0.1
28,Nicolas Batum\batumni01,SF,31,CHO,10,224,8.6,.484,.771,.143,4.2,18.7,11.1,20.9,1.3,2.0,30.1,10.3,,0.0,0.1,0.1,.020,,-2.9,0.6,-2.4,0.0
29,Aron Baynes\baynear01,C,33,PHO,13,312,22.2,.677,.452,.270,6.6,19.7,13.0,19.7,0.6,2.6,9.0,21.1,,1.2,0.3,1.4,.223,,5.8,0.3,6.0,0.6
30,Kent Bazemore\bazemke01,SF,30,POR,20,449,8.2,.454,.469,.248,1.8,17.4,9.7,10.9,1.9,2.6,15.3,17.6,,-0.5,0.5,0.0,.002,,-3.6,1.3,-2.3,0.0
31,Darius Bazley\bazleda01,PF,19,OKC,19,325,8.3,.531,.507,.192,2.4,19.7,11.2,4.4,0.9,2.3,15.9,12.8,,-0.1,0.4,0.2,.032,,-4.2,0.6,-3.5,-0.1
32,Bradley Beal\bealbr01,SG,26,WAS,18,657,22.1,.583,.380,.319,2.5,10.6,6.4,30.0,1.3,0.5,12.2,30.5,,1.8,-0.1,1.7,.123,,5.1,-3.3,1.8,0.6
33,Malik Beasley\beaslma01,SG,23,DEN,13,203,9.7,.530,.487,.064,2.1,7.9,4.9,10.9,1.9,0.9,15.8,20.1,,-0.1,0.3,0.2,.049,,-2.4,-0.4,-2.8,0.0
34,Marco Belinelli\belinma01,SG,33,SAS,20,321,5.7,.402,.496,.176,0.3,10.9,5.5,12.6,0.7,0.0,6.6,18.1,,-0.4,0.0,-0.4,-0.057,,-3.9,-3.9,-7.8,-0.5
35,Jordan Bell\belljo01,C,25,MIN,9,74,13.2,.608,.158,.579,12.4,31.2,21.9,11.9,0.0,3.2,33.5,19.7,,-0.1,0.1,0.0,.030,,-5.9,1.0,-4.9,-0.1
36,DeAndre' Bembry\bembrde01,SG,25,ATL,20,518,12.3,.548,.219,.289,4.3,15.3,9.8,15.9,2.7,1.4,18.6,14.2,,0.2,0.3,0.4,.041,,-1.4,0.6,-0.8,0.2
37,Dragan Bender\bendedr01,SF,22,MIL,2,16,24.3,.857,.571,.000,0.0,5.9,3.1,20.9,0.0,5.4,12.5,20.5,,0.1,0.0,0.1,.290,,6.7,-2.2,4.5,0.0
38,Dāvis Bertāns\bertada01,PF,27,WAS,18,497,15.7,.664,.800,.124,2.9,14.9,8.7,8.2,1.0,1.5,6.8,15.7,,1.2,0.0,1.2,.117,,4.2,-2.1,2.2,0.5
39,Patrick Beverley\beverpa01,PG,31,LAC,19,566,9.7,.462,.593,.150,5.0,16.4,10.9,14.2,2.3,1.9,15.8,12.8,,0.1,1.0,1.0,.087,,-1.0,3.6,2.6,0.7
40,Khem Birch\birchkh01,C,27,ORL,10,203,9.9,.510,.029,.676,9.0,17.7,13.2,3.6,1.2,2.2,12.0,10.7,,0.1,0.3,0.4,.094,,-4.1,1.6,-2.6,0.0
41,Goga Bitadze\bitadgo01,C,20,IND,14,198,15.1,.552,.218,.345,8.9,18.9,13.9,9.4,0.2,8.0,12.4,15.7,,0.3,0.4,0.6,.154,,-1.7,3.9,2.2,0.2
42,Bismack Biyombo\biyombi01,C,27,CHO,19,308,19.1,.604,.000,.619,9.8,17.7,13.6,8.5,0.9,4.0,9.5,19.2,,0.7,0.1,0.9,.133,,-0.7,-0.3,-1.0,0.1
43,Nemanja Bjelica\bjeline01,PF,31,SAC,18,468,15.3,.581,.477,.086,8.3,21.3,14.7,14.9,1.7,1.6,16.1,17.4,,0.6,0.5,1.1,.113,,1.3,1.3,2.5,0.5
44,Eric Bledsoe\bledser01,PG,30,MIL,20,549,18.7,.551,.305,.266,3.5,14.0,9.0,30.0,1.3,1.3,13.6,24.7,,1.1,0.8,1.9,.164,,1.5,0.2,1.7,0.5
45,Bogdan Bogdanović\bogdabo01,SG,27,SAC,17,473,17.1,.537,.568,.182,0.9,10.7,5.7,28.5,2.6,0.4,11.5,24.7,,0.6,0.4,1.0,.105,,2.9,-1.5,1.4,0.4
46,Bojan Bogdanović\bogdabo02,SF,30,UTA,19,630,18.2,.623,.444,.254,2.5,11.7,7.3,11.6,1.1,0.5,13.7,26.1,,1.0,0.8,1.8,.136,,2.6,-0.8,1.7,0.6
47,Jonah Bolden\boldejo01,PF,24,PHI,2,5,7.8,.532,.000,2.000,0.0,0.0,0.0,0.0,9.6,0.0,34.7,24.6,,0.0,0.0,0.0,-0.199,,-9.6,4.1,-5.6,0.0
48,Jordan Bone\bonejo01,PG,22,DET,3,6,-16.6,.400,.200,.000,0.0,0.0,0.0,0.0,0.0,0.0,28.6,50.8,,-0.1,0.0,-0.1,-0.642,,-24.0,-11.0,-35.0,-0.1
49,Isaac Bonga\bongais01,SF,20,WAS,13,199,10.6,.584,.244,.244,5.3,13.6,9.3,9.6,1.8,0.8,13.4,10.7,,0.2,0.0,0.3,.065,,-0.7,-0.5,-1.2,0.0
50,Devin Booker\bookede01,SG,23,PHO,18,638,19.2,.631,.300,.290,1.5,10.0,5.7,29.9,0.7,0.8,17.5,28.2,,1.3,0.3,1.7,.125,,3.2,-2.1,1.1,0.5
51,Chris Boucher\bouchch01,PF,27,TOR,17,218,21.2,.533,.346,.358,18.9,18.5,18.7,6.8,1.5,6.2,6.9,19.8,,0.6,0.5,1.0,.227,,1.5,2.5,4.0,0.3
52,Brian Bowen\bowenbr02,SG,21,IND,3,10,1.2,.250,.250,.000,0.0,11.0,5.5,0.0,0.0,8.8,0.0,17.2,,0.0,0.0,0.0,-0.118,,-12.1,0.3,-11.8,0.0
53,Ky Bowman\bowmaky01,PG,22,GSW,21,482,12.7,.544,.331,.123,2.4,9.5,5.9,19.0,1.9,0.4,11.4,17.0,,0.4,0.1,0.5,.053,,-0.4,-2.2,-2.7,-0.1
54,Avery Bradley\bradlav01,SG,29,LAL,10,274,10.5,.548,.333,.095,2.9,9.8,6.4,8.9,1.7,0.3,11.2,15.3,,0.2,0.4,0.5,.091,,-1.5,0.1,-1.5,0.0
55,Tony Bradley\bradlto01,C,22,UTA,14,148,19.8,.669,.000,.372,14.3,22.8,18.8,4.5,0.6,4.0,12.3,16.7,,0.4,0.3,0.7,.225,,-0.1,1.3,1.2,0.1
56,Jarrell Brantley\brantja01,PF,23,UTA,1,5,21.6,,,,0.0,61.3,32.0,25.5,0.0,16.7,,0.0,,0.0,0.0,0.0,.276,,-7.1,15.7,8.6,0.0
57,Ignas Brazdeikis\brazdig01,SF,21,NYK,5,24,1.3,.368,.200,.200,4.2,0.0,2.2,6.5,0.0,4.1,15.5,22.9,,-0.1,0.0,-0.1,-0.170,,-9.3,-3.7,-13.0,-0.1
58,Mikal Bridges\bridgmi01,SF,23,PHO,18,356,12.6,.548,.333,.345,4.3,15.1,9.6,6.8,3.3,1.2,9.4,12.7,,0.3,0.5,0.8,.110,,-0.9,2.3,1.3,0.3
59,Miles Bridges\bridgmi02,SF,21,CHO,21,662,12.8,.543,.399,.126,4.6,15.1,9.6,9.9,0.8,2.1,11.6,18.6,,0.4,0.1,0.5,.037,,-1.0,-1.1,-2.1,0.0
60,Oshae Brissett\brissos01,SF,21,TOR,4,17,5.4,.500,.333,.000,0.0,5.7,3.0,7.5,2.8,0.0,25.0,10.1,,0.0,0.0,0.0,.021,,-4.8,1.1,-3.7,0.0
61,Ryan Broekhoff\broekry01,SG,29,DAL,4,25,19.9,.750,.625,.000,0.0,20.1,10.3,17.1,1.9,0.0,11.1,15.2,,0.1,0.0,0.1,.216,,3.4,-0.7,2.6,0.0
62,Malcolm Brogdon\brogdma01,PG,27,IND,16,508,22.0,.582,.285,.259,2.0,15.0,8.5,38.0,1.4,0.7,15.3,26.6,,1.3,0.7,2.0,.189,,3.8,0.1,3.9,0.8
63,Dillon Brooks\brookdi01,SG,24,MEM,19,524,11.3,.505,.366,.190,4.2,9.1,6.6,11.1,1.6,1.2,9.4,21.9,,0.1,0.2,0.3,.028,,-0.8,-1.9,-2.8,-0.1
64,Bruce Brown\brownbr01,SG,23,DET,20,542,9.7,.496,.227,.248,3.3,14.1,8.8,19.0,1.8,1.5,19.5,15.6,,-0.1,0.5,0.4,.037,,-2.7,0.8,-1.8,0.0
65,Charlie Brown\brownch02,SG,22,ATL,4,16,21.8,.735,.333,1.333,13.8,7.0,10.4,0.0,0.0,5.8,0.0,12.3,,0.1,0.0,0.1,.246,,2.1,-4.5,-2.4,0.0
66,Jaylen Brown\brownja02,SF,23,BOS,16,534,18.1,.582,.338,.266,3.6,18.4,11.0,9.8,1.8,0.9,8.9,23.0,,0.9,0.8,1.7,.155,,1.2,0.1,1.3,0.4
67,Moses Brown\brownmo01,C,20,POR,4,15,15.5,.457,.000,.571,13.7,46.7,30.4,0.0,3.1,0.0,10.2,27.1,,0.0,0.0,0.0,.068,,-10.6,-7.6,-18.2,-0.1
68,Sterling Brown\brownst02,SF,24,MIL,15,255,11.9,.546,.541,.176,4.4,23.7,14.5,10.9,1.4,0.7,15.8,15.2,,0.1,0.5,0.6,.112,,-1.6,1.0,-0.6,0.1
69,Troy Brown\browntr01,SG,20,WAS,15,316,12.4,.494,.257,.119,7.0,18.9,12.7,11.1,2.6,0.5,13.8,15.9,,0.1,0.1,0.2,.032,,-1.6,0.1,-1.5,0.0
70,Jalen Brunson\brunsja01,PG,23,DAL,19,315,14.8,.524,.319,.244,4.0,11.5,7.9,23.9,1.5,0.0,12.6,20.1,,0.4,0.2,0.7,.103,,0.0,-1.3,-1.4,0.1
71,Thomas Bryant\bryanth01,C,22,WAS,18,511,19.2,.605,.190,.288,8.6,24.4,16.2,12.7,0.7,2.9,10.4,18.4,,1.3,0.1,1.4,.132,,1.5,0.0,1.6,0.5
72,Trey Burke\burketr01,PG,27,PHI,7,122,12.0,.443,.289,.178,3.8,6.3,5.1,26.6,1.2,0.7,7.6,18.4,,0.1,0.1,0.2,.089,,-1.7,-2.3,-4.1,-0.1
73,Alec Burks\burksal01,SG,28,GSW,18,521,15.0,.534,.341,.341,2.2,14.7,8.3,15.0,1.6,1.0,9.0,22.5,,0.5,0.2,0.7,.064,,-0.2,-2.1,-2.3,0.0
74,Deonte Burton\burtode02,SG,26,OKC,11,93,9.1,.504,.500,.125,3.6,20.7,12.3,4.9,0.5,0.9,8.2,17.4,,0.0,0.1,0.1,.038,,-3.8,-2.2,-6.0,-0.1
75,Jimmy Butler\butleji01,SF,30,MIA,15,501,23.8,.565,.218,.668,7.0,11.4,9.3,28.9,3.5,2.4,12.6,24.5,,1.6,1.0,2.6,.245,,3.0,2.9,5.9,1.0
76,Bruno Caboclo\cabocbr01,SF,24,MEM,11,115,13.9,.454,.348,.065,9.9,18.5,14.2,7.5,2.8,6.1,11.3,19.2,,-0.1,0.2,0.1,.037,,-3.0,2.3,-0.7,0.0
77,Kentavious Caldwell-Pope\caldwke01,SG,26,LAL,20,464,9.9,.549,.416,.131,2.2,8.3,5.3,8.3,1.4,0.6,9.9,14.8,,0.3,0.6,0.9,.090,,-1.4,-0.3,-1.7,0.0
78,Vlatko Čančar\cancavl01,SF,22,DEN,1,2,0.0,,,,0.0,0.0,0.0,0.0,0.0,0.0,,0.0,,0.0,0.0,0.0,.032,,-6.5,1.4,-5.1,0.0
79,Clint Capela\capelca01,C,25,HOU,15,478,21.9,.622,.000,.274,12.1,34.9,23.6,4.9,1.2,5.4,11.6,16.9,,1.1,0.9,1.9,.194,,-1.6,2.4,0.8,0.3
80,DeMarre Carroll\carrode01,SF,33,SAS,10,112,6.9,.425,.480,.400,6.5,19.6,12.9,11.0,0.4,1.5,14.5,13.0,,0.0,0.0,0.0,.002,,-3.3,-1.4,-4.7,-0.1
81,Jevon Carter\carteje01,PG,24,PHO,13,196,10.1,.552,.612,.082,1.7,12.6,7.0,16.5,2.9,2.3,22.8,14.3,,0.0,0.3,0.2,.053,,-1.8,1.9,0.0,0.1
82,Vince Carter\cartevi01,SF,43,ATL,15,231,4.6,.428,.655,.095,1.4,13.5,7.5,6.8,1.0,1.2,10.3,17.5,,-0.3,0.0,-0.3,-0.067,,-4.2,-3.3,-7.6,-0.3
83,Wendell Carter\cartewe01,C,20,CHI,20,579,17.9,.608,.075,.454,12.7,22.3,17.3,4.9,1.1,2.6,11.1,16.7,,1.3,0.7,2.0,.166,,-0.6,0.8,0.2,0.3
84,Michael Carter-Williams\cartemi01,SG,28,ORL,10,149,11.3,.421,.362,.426,7.5,14.6,10.9,12.8,2.6,3.6,12.5,18.5,,-0.1,0.3,0.2,.054,,-3.6,2.7,-0.9,0.0
85,Alex Caruso\carusal01,PG,25,LAL,18,363,8.5,.503,.459,.118,0.6,9.2,5.0,12.6,2.5,1.5,18.3,12.8,,-0.1,0.6,0.4,.059,,-3.1,1.6,-1.5,0.0
86,Willie Cauley-Stein\caulewi01,C,26,GSW,18,407,15.8,.559,.000,.165,6.7,24.7,15.6,11.8,2.2,4.2,12.1,14.6,,0.4,0.4,0.9,.102,,-2.1,2.6,0.5,0.3
87,Tyson Chandler\chandty01,C,37,HOU,17,155,13.0,.726,.000,.563,12.0,19.0,15.6,5.0,1.5,3.9,23.1,6.8,,0.3,0.2,0.5,.151,,-1.1,2.5,1.3,0.1
88,Zylan Cheatham\cheatzy01,SF,24,NOP,2,20,-3.5,.250,.250,.000,0.0,16.5,8.0,6.1,0.0,0.0,20.0,10.2,,-0.1,0.0,-0.1,-0.139,,-9.5,-2.0,-11.5,0.0
89,Chris Chiozza\chiozch01,PG,24,WAS,5,48,3.6,.273,.364,.000,0.0,11.7,5.6,20.9,3.8,3.5,31.3,13.5,,-0.1,0.0,-0.1,-0.109,,-7.8,1.8,-6.0,0.0
90,Marquese Chriss\chrisma01,PF,22,GSW,20,362,18.1,.583,.154,.462,7.9,20.5,14.1,18.5,2.1,5.0,17.7,17.7,,0.5,0.4,0.9,.117,,-0.6,2.4,1.8,0.3
91,Gary Clark\clarkga01,PF,25,HOU,6,64,14.2,.553,.789,.000,8.1,15.9,12.0,10.8,0.7,1.4,0.0,12.0,,0.2,0.0,0.2,.157,,1.6,-1.1,0.5,0.0
92,Brandon Clarke\clarkbr01,PF,23,MEM,18,381,22.0,.682,.151,.158,6.5,22.9,14.6,9.7,1.1,3.9,10.8,19.0,,1.0,0.3,1.3,.168,,1.8,0.5,2.3,0.4
93,Jordan Clarkson\clarkjo01,SG,27,CLE,19,427,19.1,.563,.447,.337,2.7,8.2,5.4,19.1,1.2,1.2,9.1,26.3,,0.9,0.1,1.0,.114,,3.1,-3.0,0.1,0.2
94,Nicolas Claxton\claxtni01,PF,20,BRK,9,119,9.7,.514,.238,.571,7.1,11.9,9.6,12.4,0.4,3.3,18.6,11.2,,0.1,0.1,0.1,.056,,-3.2,0.8,-2.4,0.0
95,Chris Clemons\clemoch01,SG,22,HOU,13,116,15.5,.642,.827,.077,1.8,6.1,4.0,8.1,0.8,1.5,10.0,20.9,,0.2,0.1,0.3,.121,,2.3,-4.0,-1.7,0.0
96,John Collins\collijo01,PF,22,ATL,5,161,20.4,.621,.311,.279,6.9,23.6,15.2,8.0,1.5,5.7,9.3,19.4,,0.4,0.1,0.5,.141,,0.8,0.6,1.4,0.1
97,Zach Collins\colliza01,PF,22,POR,3,86,9.2,.624,.368,.316,4.8,9.3,7.1,9.2,0.0,1.9,21.7,13.4,,0.1,0.0,0.1,.057,,-1.5,-1.1,-2.6,0.0
98,Mike Conley\conlemi01,PG,32,UTA,20,604,12.7,.498,.413,.287,3.0,9.3,6.3,23.7,1.1,0.4,12.3,23.4,,0.2,0.7,0.9,.074,,-0.2,-0.6,-0.7,0.2
99,Pat Connaughton\connapa01,SG,27,MIL,18,323,13.4,.590,.585,.122,2.9,18.2,10.8,12.2,0.7,2.7,9.4,12.1,,0.5,0.5,1.0,.153,,-0.1,1.5,1.4,0.3
100,Quinn Cook\cookqu01,PG,26,LAL,17,242,10.6,.515,.371,.056,1.9,8.0,5.0,16.0,1.2,0.4,13.3,18.5,,0.0,0.3,0.3,.059,,-2.6,-1.6,-4.2,-0.1
101,Tyler Cook\cookty01,PF,22,CLE,6,17,34.8,.872,.000,.333,18.7,12.9,15.8,0.0,2.8,0.0,12.7,19.8,,0.1,0.0,0.1,.318,,5.6,-5.7,-0.1,0.0
102,Robert Covington\covinro01,PF,29,MIN,18,492,14.3,.594,.600,.255,2.7,17.1,10.0,6.3,2.3,2.9,13.6,17.6,,0.4,0.7,1.1,.110,,-0.8,1.5,0.7,0.3
103,Allen Crabbe\crabbal01,SG,27,ATL,10,189,8.2,.464,.611,.130,2.9,13.0,7.9,6.7,1.2,1.0,6.5,13.4,,0.0,0.0,0.0,-0.002,,-2.4,-2.4,-4.9,-0.1
104,Torrey Craig\craigto01,SF,29,DEN,13,187,8.1,.400,.488,.220,5.0,14.8,9.9,10.6,1.3,5.4,10.0,11.5,,-0.1,0.4,0.3,.078,,-4.0,4.1,0.1,0.1
105,Jae Crowder\crowdja01,SF,29,MEM,19,589,11.6,.563,.716,.225,2.6,18.2,10.4,12.1,1.3,1.0,13.1,15.0,,0.4,0.3,0.7,.060,,0.5,-0.4,0.1,0.3
106,Jarrett Culver\culveja01,SG,20,MIN,19,450,8.6,.432,.410,.230,4.3,9.4,6.9,14.1,1.8,1.6,11.8,20.7,,-0.6,0.4,-0.1,-0.014,,-3.9,-0.2,-4.2,-0.2
107,Seth Curry\curryse01,SG,29,DAL,17,350,11.3,.586,.637,.235,1.8,5.7,3.8,10.1,1.2,0.7,10.4,15.1,,0.5,0.2,0.7,.097,,0.7,-1.7,-1.0,0.1
108,Stephen Curry\curryst01,PG,31,GSW,4,112,21.2,.548,.561,.273,3.8,15.6,9.6,41.8,2.1,1.5,16.9,33.5,,0.1,0.1,0.2,.073,,5.2,-1.7,3.5,0.2
109,Troy Daniels\danietr01,SG,28,LAL,15,228,6.8,.479,.724,.039,1.5,8.0,4.8,3.4,1.0,0.4,6.1,15.4,,-0.1,0.2,0.2,.036,,-2.6,-2.0,-4.6,-0.1
110,Anthony Davis\davisan02,PF,26,LAL,19,657,28.1,.584,.178,.415,8.4,20.7,14.7,15.9,2.0,7.2,10.0,30.6,,2.0,1.5,3.5,.257,,2.4,4.3,6.7,1.4
111,Ed Davis\davised01,C,30,UTA,8,98,6.7,.436,.000,.333,14.8,31.3,23.4,2.8,1.0,3.4,36.8,9.6,,-0.1,0.2,0.1,.058,,-6.6,3.1,-3.5,0.0
112,Terence Davis\daviste02,SG,22,TOR,19,302,17.0,.647,.536,.134,4.0,15.0,9.8,19.0,1.3,1.5,11.2,16.4,,0.8,0.5,1.3,.207,,2.9,0.8,3.7,0.4
113,Dewayne Dedmon\dedmode01,C,30,SAC,18,272,8.6,.491,.463,.137,9.8,21.2,15.4,4.5,1.4,2.7,20.5,20.3,,-0.4,0.3,-0.1,-0.012,,-4.5,-0.6,-5.1,-0.2
114,Matthew Dellavedova\dellama01,PG,29,CLE,17,232,4.3,.355,.596,.250,1.8,9.4,5.6,22.2,1.5,0.4,20.6,13.4,,-0.3,0.1,-0.2,-0.052,,-4.5,-1.5,-6.1,-0.2
115,DeMar DeRozan\derozde01,SF,30,SAS,21,706,20.4,.585,.024,.375,1.5,16.3,8.7,21.5,1.3,1.3,12.0,26.5,,1.4,0.2,1.7,.112,,1.0,-1.3,-0.3,0.3
116,Cheick Diallo\diallch01,C,23,PHO,13,124,23.7,.815,.000,.231,8.7,23.5,16.0,9.5,0.0,2.9,12.3,16.8,,0.5,0.1,0.6,.235,,2.7,-0.2,2.5,0.1
117,Hamidou Diallo\diallha01,SF,21,OKC,12,256,13.8,.525,.141,.196,6.1,13.3,9.8,6.3,3.4,1.3,12.3,19.6,,0.0,0.4,0.4,.068,,-2.7,1.3,-1.5,0.0
118,Gorgui Dieng\dienggo01,C,30,MIN,15,190,20.9,.546,.353,.235,8.0,26.9,17.6,15.0,2.7,7.1,10.7,18.0,,0.3,0.4,0.7,.182,,-0.8,5.4,4.6,0.3
119,Spencer Dinwiddie\dinwisp01,SG,26,BRK,20,582,20.0,.561,.393,.399,0.5,9.1,4.9,33.0,1.3,1.5,11.8,29.7,,1.4,0.4,1.8,.149,,3.1,-2.4,0.6,0.4
120,Donte DiVincenzo\divindo01,SG,23,MIL,17,357,14.0,.537,.496,.124,4.6,15.1,10.1,9.7,3.1,0.5,11.1,17.6,,0.2,0.7,0.9,.125,,-0.1,1.3,1.3,0.3
121,Luka Dončić\doncilu01,PG,20,DAL,19,648,32.6,.624,.463,.463,4.7,24.7,14.9,49.3,2.1,0.4,15.9,36.0,,3.2,0.9,4.1,.305,,11.7,2.6,14.3,2.7
122,Damyean Dotson\dotsoda01,SG,25,NYK,16,249,10.6,.500,.541,.106,0.8,11.3,5.8,10.8,1.6,1.6,8.3,16.6,,0.1,0.1,0.2,.035,,-1.8,-1.6,-3.4,-0.1
123,Sekou Doumbouya\doumbse01,SF,19,DET,2,5,19.9,.581,.333,.333,0.0,0.0,0.0,0.0,0.0,0.0,0.0,29.9,,0.0,0.0,0.0,.020,,-0.5,-9.8,-10.2,0.0
124,Goran Dragić\dragigo01,PG,33,MIA,18,517,16.7,.594,.462,.365,1.4,10.8,6.4,27.7,1.1,0.8,16.3,23.9,,0.9,0.6,1.5,.139,,1.4,-1.4,0.1,0.3
125,Andre Drummond\drumman01,C,26,DET,20,682,21.6,.564,.038,.321,16.0,41.0,28.8,14.9,2.1,4.4,20.7,24.3,,0.5,1.4,1.9,.131,,-1.3,4.4,3.1,0.9
126,Jared Dudley\dudleja01,SF,34,LAL,12,89,9.0,.643,.700,.200,1.3,9.6,5.6,12.0,2.1,1.0,15.5,6.2,,0.1,0.1,0.2,.134,,-1.4,1.2,-0.2,0.0
127,Kris Dunn\dunnkr01,PG,25,CHI,20,410,12.3,.464,.313,.102,2.2,13.8,7.7,22.3,4.5,1.4,13.0,15.5,,0.0,0.7,0.7,.083,,-2.3,3.2,0.9,0.3
128,Carsen Edwards\edwarca01,SG,21,BOS,17,192,8.0,.432,.587,.147,2.7,14.6,8.6,11.7,1.5,1.0,9.1,19.3,,-0.2,0.3,0.1,.027,,-3.2,-0.8,-4.0,-0.1
129,Henry Ellenson\ellenhe01,PF,23,BRK,1,3,0.0,,,,0.0,0.0,0.0,0.0,0.0,0.0,,0.0,,0.0,0.0,0.0,-0.006,,-6.2,0.1,-6.1,0.0
130,Wayne Ellington\ellinwa01,SG,32,NYK,16,238,5.9,.483,.880,.080,0.4,12.7,6.3,9.5,0.4,0.8,12.4,15.9,,-0.1,0.0,-0.1,-0.017,,-2.4,-3.1,-5.5,-0.2
131,Joel Embiid\embiijo01,C,25,PHI,16,481,25.6,.575,.240,.523,10.3,35.2,23.1,15.7,1.4,4.1,12.9,32.3,,1.1,1.0,2.1,.210,,1.2,2.2,3.4,0.7
132,James Ennis\ennisja01,SF,29,PHI,20,334,17.1,.663,.423,.361,9.0,14.2,11.6,7.0,1.4,1.5,11.1,16.1,,0.9,0.5,1.3,.193,,2.2,-0.3,1.9,0.3
133,Drew Eubanks\eubandr01,PF,22,SAS,3,25,11.6,.477,.000,.111,20.8,26.4,23.5,5.6,0.0,3.3,24.1,21.1,,0.0,0.0,0.0,-0.020,,-5.7,-2.4,-8.1,0.0
134,Jacob Evans\evansja02,SG,22,GSW,3,43,12.8,.654,.667,.333,2.5,10.2,6.2,6.8,0.0,0.0,6.8,14.5,,0.1,0.0,0.1,.099,,0.6,-5.0,-4.4,0.0
135,Dante Exum\exumda01,SG,24,UTA,7,52,10.3,.605,.286,.143,6.4,9.8,8.2,11.8,0.9,1.6,25.2,16.6,,0.0,0.1,0.1,.065,,-2.7,0.5,-2.1,0.0
136,Tacko Fall\fallta01,C,24,BOS,1,4,8.0,.500,.000,.000,0.0,77.6,38.6,0.0,0.0,0.0,20.0,52.8,,0.0,0.0,0.0,-0.217,,-24.8,-14.5,-39.3,0.0
137,Derrick Favors\favorde01,C,28,NOP,9,189,19.6,.618,.034,.103,16.8,28.5,22.5,14.8,1.2,1.8,18.8,16.2,,0.4,0.1,0.6,.143,,1.0,1.1,2.1,0.2
138,Terrance Ferguson\fergute01,SF,21,OKC,18,465,6.0,.562,.694,.106,2.6,5.1,3.9,5.0,1.0,1.1,11.9,9.6,,0.2,0.3,0.5,.047,,-1.2,0.1,-1.1,0.1
139,Bruno Fernando\fernabr01,C,21,ATL,20,260,13.8,.596,.200,.314,11.1,15.0,13.0,13.2,0.9,3.2,20.9,16.0,,0.3,0.0,0.3,.054,,-0.8,-0.6,-1.4,0.0
140,Yogi Ferrell\ferreyo01,PG,26,SAC,14,174,10.9,.511,.364,.273,2.6,12.1,7.2,17.2,1.1,0.5,14.0,17.9,,0.1,0.1,0.2,.047,,-2.3,-1.8,-4.1,-0.1
141,Dorian Finney-Smith\finnedo01,PF,26,DAL,19,502,12.1,.582,.539,.258,7.4,12.6,10.1,4.6,1.1,1.2,11.2,13.5,,0.7,0.4,1.1,.103,,0.6,-0.2,0.5,0.3
142,Bryn Forbes\forbebr01,SG,26,SAS,21,563,12.2,.535,.617,.148,1.3,9.0,5.0,10.2,0.9,0.0,5.4,19.5,,0.6,0.0,0.6,.050,,1.4,-4.1,-2.7,-0.1
143,Evan Fournier\fournev01,SG,27,ORL,19,583,18.9,.614,.436,.280,0.3,10.3,5.1,19.1,1.7,0.5,11.9,25.0,,1.2,0.7,1.8,.150,,3.2,-1.4,1.8,0.6
144,De'Aaron Fox\foxde01,PG,22,SAC,9,288,15.7,.528,.234,.484,1.9,12.6,7.2,36.1,1.2,1.6,19.2,29.1,,0.1,0.2,0.3,.045,,-0.6,-1.1,-1.7,0.0
145,Melvin Frazier\frazime01,SG,23,ORL,3,8,-1.0,.200,.200,.000,12.7,0.0,6.6,19.3,0.0,0.0,0.0,27.1,,0.0,0.0,0.0,-0.248,,-8.7,-4.7,-13.5,0.0
146,Tim Frazier\fraziti01,PG,29,DET,11,129,6.3,.332,.333,.359,2.7,6.1,4.5,33.7,3.0,0.6,21.0,19.3,,-0.2,0.1,-0.1,-0.043,,-5.8,-2.1,-7.9,-0.2
147,Markelle Fultz\fultzma01,PG,21,ORL,19,479,16.0,.551,.201,.217,2.1,8.2,5.1,25.7,2.6,0.6,13.7,21.1,,0.5,0.6,1.1,.111,,-0.1,-0.1,-0.2,0.2
148,Wenyen Gabriel\gabriwe01,PF,22,SAC,7,47,8.5,.401,.500,.563,9.5,10.0,9.7,9.3,2.1,3.9,13.1,21.3,,-0.1,0.0,0.0,-0.025,,-3.9,0.1,-3.7,0.0
149,Daniel Gafford\gaffoda01,C,21,CHI,11,108,16.6,.648,.000,.519,10.0,10.0,10.0,1.5,0.0,6.0,2.9,13.1,,0.3,0.1,0.4,.167,,-1.6,0.2,-1.4,0.0
150,Danilo Gallinari\gallida01,PF,31,OKC,19,568,20.2,.631,.534,.407,1.8,18.0,10.1,11.7,1.0,0.3,8.2,23.5,,1.6,0.5,2.1,.181,,3.5,-1.7,1.9,0.6
151,Langston Galloway\gallola01,SG,28,DET,20,553,13.9,.615,.650,.266,1.5,7.5,4.6,9.0,1.1,1.1,7.9,16.9,,1.1,0.2,1.3,.116,,2.1,-2.1,0.0,0.3
152,Darius Garland\garlada01,PG,20,CLE,19,536,7.3,.482,.410,.117,0.8,5.1,2.9,17.0,1.4,0.0,18.8,21.2,,-0.8,0.1,-0.7,-0.063,,-3.4,-3.0,-6.3,-0.6
153,Marc Gasol\gasolma01,C,35,TOR,19,540,8.3,.456,.525,.178,2.6,19.8,11.7,15.8,0.8,3.2,16.4,12.1,,0.0,1.0,1.0,.087,,-2.6,3.5,0.9,0.4
154,Rudy Gay\gayru01,PF,33,SAS,21,488,16.3,.567,.362,.255,6.0,21.8,13.7,11.8,0.8,2.0,13.6,21.0,,0.6,0.2,0.7,.073,,0.0,-1.3,-1.3,0.1
155,Paul George\georgpa01,SF,29,LAC,10,295,22.4,.608,.574,.314,2.1,19.3,10.9,19.9,2.2,1.2,16.1,31.7,,0.6,0.5,1.1,.173,,3.7,0.5,4.2,0.5
156,Taj Gibson\gibsota01,C,34,NYK,18,290,15.6,.552,.060,.157,12.6,15.9,14.2,10.6,2.2,0.7,11.9,14.8,,0.5,0.2,0.7,.114,,0.0,0.2,0.2,0.2
157,Harry Giles\gilesha01,PF,21,SAC,7,52,9.8,.464,.000,.080,6.4,9.0,7.7,16.4,1.9,5.3,16.2,25.9,,-0.1,0.1,0.0,-0.024,,-5.8,1.0,-4.8,0.0
158,Shai Gilgeous-Alexander\gilgesh01,SG,21,OKC,19,652,14.7,.526,.264,.261,2.6,13.3,8.0,14.7,1.3,1.3,11.3,25.1,,0.1,0.6,0.7,.054,,-1.6,-0.5,-2.1,0.0
159,Rudy Gobert\goberru01,C,27,UTA,18,617,18.9,.659,.000,.757,10.7,31.3,21.5,5.0,1.2,4.9,18.4,15.6,,1.1,1.4,2.5,.196,,-1.2,4.4,3.1,0.8
160,Aaron Gordon\gordoaa01,PF,24,ORL,16,488,12.9,.485,.343,.304,5.2,17.2,11.0,15.0,1.1,1.5,9.7,20.2,,0.1,0.6,0.8,.076,,-1.5,0.8,-0.7,0.2
161,Eric Gordon\gordoer01,SG,31,HOU,9,265,3.5,.422,.673,.127,1.2,5.4,3.3,3.7,0.9,0.7,9.4,19.6,,-0.5,0.1,-0.4,-0.065,,-4.6,-3.2,-7.8,-0.4
162,Devonte' Graham\grahade01,PG,24,CHO,21,698,17.5,.571,.570,.245,2.5,9.5,5.8,35.9,0.8,0.6,16.5,24.8,,1.3,-0.1,1.2,.083,,3.4,-3.8,-0.4,0.3
163,Treveon Graham\grahatr01,SG,26,MIN,18,439,6.0,.420,.448,.176,4.6,11.4,8.1,6.8,1.3,0.4,8.2,13.6,,-0.2,0.3,0.1,.014,,-4.0,-0.2,-4.2,-0.2
164,Jerami Grant\grantje01,PF,25,DEN,17,382,11.6,.522,.394,.255,2.7,14.5,8.5,6.6,0.8,2.2,7.3,18.5,,0.2,0.6,0.8,.095,,-2.2,0.2,-2.0,0.0
165,Josh Gray\grayjo01,PG,26,NOP,2,23,-4.9,.500,.000,.000,4.5,4.8,4.6,10.5,0.0,0.0,71.4,12.5,,-0.1,0.0,-0.1,-0.242,,-11.0,-2.1,-13.1,-0.1
166,Danny Green\greenda02,SG,32,LAL,20,508,11.3,.594,.705,.079,2.9,11.2,7.1,5.9,2.3,1.8,12.7,13.8,,0.4,0.8,1.2,.113,,0.2,1.5,1.7,0.5
167,Draymond Green\greendr01,PF,29,GSW,13,362,13.3,.496,.337,.248,1.7,23.8,12.6,29.5,2.2,1.7,18.8,16.1,,0.1,0.3,0.4,.048,,-2.0,1.0,-1.0,0.1
168,JaMychal Green\greenja01,PF,29,LAC,21,464,12.0,.573,.674,.159,6.6,24.8,15.9,2.9,1.3,1.3,12.4,14.2,,0.4,0.8,1.2,.126,,-1.0,0.3,-0.7,0.2
169,Javonte Green\greenja02,SF,26,BOS,13,84,14.3,.587,.323,.161,3.7,11.1,7.3,5.7,2.3,0.0,8.3,18.2,,0.1,0.1,0.2,.119,,-0.8,-1.3,-2.1,0.0
170,Jeff Green\greenje02,PF,33,UTA,20,377,10.3,.523,.550,.412,2.4,13.6,8.2,4.8,1.3,2.2,12.9,20.4,,-0.1,0.6,0.5,.057,,-2.7,0.1,-2.5,-0.1
171,Blake Griffin\griffbl01,PF,30,DET,8,232,16.5,.534,.393,.419,5.1,13.6,9.4,20.5,0.4,1.1,13.7,30.1,,0.2,0.1,0.3,.061,,0.1,-3.0,-2.8,0.0
172,Marko Guduric\gudurma01,SG,24,MEM,19,297,8.3,.493,.461,.098,3.5,10.0,6.7,13.4,0.9,1.2,17.1,17.9,,-0.2,0.1,-0.1,-0.022,,-3.0,-2.1,-5.1,-0.2
173,Rui Hachimura\hachiru01,PF,21,WAS,18,493,14.5,.529,.164,.136,6.2,16.4,11.1,7.8,1.3,0.5,6.2,19.9,,0.5,0.0,0.6,.054,,-0.9,-2.3,-3.2,-0.1
174,Devon Hall\hallde01,SG,24,OKC,2,15,5.6,.434,.500,1.000,0.0,7.1,3.6,18.1,0.0,0.0,14.8,19.9,,0.0,0.0,0.0,-0.041,,-5.7,-4.5,-10.2,0.0
175,Tim Hardaway\hardati02,SG,27,DAL,19,463,14.2,.558,.602,.230,1.1,7.4,4.3,10.7,1.1,0.4,4.9,20.6,,0.9,0.3,1.1,.116,,1.7,-2.8,-1.1,0.1
176,James Harden\hardeja01,SG,30,HOU,19,700,32.2,.640,.580,.600,2.5,13.9,8.3,38.3,2.1,1.2,14.8,39.2,,3.7,0.7,4.4,.302,,11.7,-0.6,11.1,2.3
177,Maurice Harkless\harklma01,SF,26,LAC,21,464,9.9,.568,.302,.229,4.3,9.5,7.0,6.8,2.2,3.3,15.9,11.0,,0.2,0.7,1.0,.100,,-1.4,3.6,2.2,0.5
178,Jared Harper\harpeja01,PG,22,PHO,1,2,-19.6,.000,1.000,.000,0.0,0.0,0.0,0.0,0.0,0.0,0.0,21.2,,0.0,0.0,0.0,-0.533,,-15.8,-7.0,-22.8,0.0
179,Montrezl Harrell\harremo01,C,26,LAC,21,624,24.1,.611,.029,.363,10.4,16.8,13.7,12.6,1.3,3.7,10.8,23.6,,1.8,1.0,2.8,.215,,2.1,2.4,4.5,1.0
180,Gary Harris\harriga01,SG,25,DEN,17,549,10.1,.511,.419,.169,1.7,9.1,5.4,7.8,2.0,1.0,8.0,15.7,,0.2,0.9,1.0,.090,,-1.5,1.3,-0.2,0.3
181,Joe Harris\harrijo01,SF,28,BRK,20,637,13.5,.617,.566,.088,2.8,9.9,6.4,8.5,1.1,1.0,10.6,17.2,,0.9,0.4,1.3,.099,,1.4,-1.1,0.3,0.4
182,Tobias Harris\harrito02,PF,27,PHI,20,684,16.5,.567,.286,.224,2.4,20.6,11.7,14.6,1.5,2.0,11.4,22.4,,0.7,1.1,1.9,.131,,-0.1,1.2,1.1,0.5
183,Shaquille Harrison\harrish01,SF,26,CHI,12,117,13.8,.458,.209,.326,4.2,20.4,11.9,22.2,2.0,3.2,9.2,19.1,,0.0,0.2,0.2,.081,,-3.2,2.1,-1.1,0.0
184,Josh Hart\hartjo01,SF,24,NOP,13,366,14.7,.604,.670,.278,4.8,20.7,12.5,7.1,2.1,1.4,12.8,16.6,,0.5,0.3,0.8,.100,,1.0,-0.3,0.8,0.3
185,Isaiah Hartenstein\harteis01,C,21,HOU,7,94,14.9,.781,.067,.733,8.8,18.4,13.6,5.8,1.0,3.7,23.2,11.1,,0.2,0.1,0.3,.166,,-1.0,1.3,0.3,0.1
186,Udonis Haslem\hasleud01,PF,39,MIA,2,11,16.1,.906,.000,4.000,0.0,29.4,15.5,0.0,0.0,0.0,0.0,10.8,,0.1,0.0,0.1,.307,,-1.9,-4.9,-6.8,0.0
187,Jaxson Hayes\hayesja02,C,19,NOP,17,337,16.8,.627,.022,.516,10.1,13.7,11.8,5.0,1.9,4.4,12.5,15.5,,0.7,0.2,0.9,.133,,-0.3,1.2,0.9,0.2
188,Gordon Hayward\haywago01,SF,29,BOS,8,249,22.2,.638,.273,.173,2.5,21.2,11.8,22.6,1.2,0.8,11.2,22.6,,0.7,0.4,1.1,.207,,3.2,0.5,3.6,0.4
189,John Henson\hensojo01,PF,29,CLE,1,8,26.6,.323,.500,3.000,26.5,13.7,20.2,0.0,12.1,21.2,17.7,30.2,,0.0,0.0,0.0,-0.042,,-6.2,12.3,6.1,0.0
190,Dewan Hernandez\hernade01,C,23,TOR,3,9,7.2,.340,.200,.400,24.1,53.5,39.7,0.0,5.3,0.0,14.5,32.7,,0.0,0.0,0.0,.027,,-14.8,-6.9,-21.7,0.0
191,Juan Hernangómez\hernaju01,PF,24,DEN,10,130,8.0,.565,.667,.259,3.2,17.2,10.1,7.3,0.0,2.1,18.9,12.2,,0.0,0.2,0.2,.066,,-3.4,0.6,-2.9,0.0
192,Willy Hernangómez\hernawi01,C,25,CHO,7,57,15.8,.510,.250,.400,16.5,24.5,20.3,5.4,0.9,4.7,17.5,21.6,,0.0,0.0,0.0,.029,,-3.9,-1.2,-5.2,0.0
193,Tyler Herro\herroty01,SG,20,MIA,18,526,12.6,.577,.456,.214,1.4,13.7,7.9,11.0,1.2,0.4,14.8,21.6,,0.2,0.7,0.9,.081,,-1.3,-0.9,-2.2,0.0
194,Mario Hezonja\hezonma01,PF,24,POR,18,328,7.8,.478,.349,.277,3.4,22.0,12.8,7.1,1.7,0.5,16.2,14.1,,-0.2,0.3,0.2,.025,,-3.9,0.4,-3.5,-0.1
195,Buddy Hield\hieldbu01,SG,27,SAC,18,602,14.5,.551,.580,.129,2.8,13.3,7.9,12.4,1.1,1.2,13.2,27.9,,0.1,0.4,0.5,.040,,1.1,-2.2,-1.1,0.1
196,George Hill\hillge01,PG,33,MIL,18,397,18.7,.683,.496,.261,4.6,8.3,6.6,19.0,1.5,0.4,7.9,14.4,,1.5,0.5,2.0,.241,,4.4,-0.6,3.8,0.6
197,Solomon Hill\hillso01,SF,28,MEM,17,306,11.0,.564,.582,.203,3.4,15.3,9.3,11.7,1.8,0.3,13.1,13.4,,0.2,0.2,0.4,.064,,-0.4,-0.8,-1.2,0.1
198,Jaylen Hoard\hoardja01,SF,20,POR,3,11,16.6,.500,.000,.000,9.3,27.3,18.4,11.8,4.2,0.0,0.0,7.6,,0.0,0.0,0.0,.185,,-0.4,3.5,3.0,0.0
199,Aaron Holiday\holidaa01,PG,23,IND,17,367,12.4,.502,.417,.066,2.7,11.1,6.9,19.8,2.2,0.2,14.3,21.2,,0.0,0.5,0.5,.069,,-0.9,-0.1,-0.9,0.1
200,Jrue Holiday\holidjr01,SG,29,NOP,18,651,17.0,.522,.313,.153,3.2,11.8,7.3,29.7,2.5,1.7,15.4,24.9,,0.5,0.4,0.9,.066,,0.9,-0.1,0.7,0.4
201,Justin Holiday\holidju01,SG,30,IND,19,476,12.1,.549,.631,.189,1.9,14.8,8.4,8.6,2.0,2.4,7.7,12.9,,0.5,0.8,1.3,.130,,0.0,2.4,2.4,0.5
202,Rondae Hollis-Jefferson\holliro01,SF,25,TOR,12,269,19.2,.610,.025,.395,13.3,15.0,14.2,11.6,1.8,1.7,12.8,17.4,,0.7,0.5,1.2,.215,,1.5,2.1,3.6,0.4
203,Richaun Holmes\holmeri01,C,26,SAC,18,494,19.2,.674,.000,.290,9.9,24.7,17.1,5.2,1.4,5.1,11.4,14.7,,1.3,0.7,1.9,.188,,0.2,2.6,2.8,0.6
204,Rodney Hood\hoodro01,SF,27,POR,18,548,13.9,.655,.417,.173,1.7,10.0,5.9,7.2,1.4,0.6,9.2,14.1,,1.1,0.3,1.4,.120,,1.8,-0.6,1.2,0.4
205,Al Horford\horfoal01,C,33,PHI,18,562,18.7,.552,.327,.150,6.8,18.2,12.6,19.9,1.6,2.6,8.2,19.4,,1.1,0.9,2.1,.176,,2.2,2.0,4.2,0.9
206,Danuel House\houseda01,SF,26,HOU,14,416,15.7,.661,.698,.293,4.0,11.7,7.9,5.4,2.0,2.1,9.0,14.0,,1.0,0.4,1.4,.159,,2.2,0.4,2.7,0.5
207,Dwight Howard\howardw01,C,34,LAL,20,398,17.0,.721,.000,.681,11.9,25.9,19.0,5.7,0.8,6.3,19.0,12.4,,0.9,0.8,1.7,.207,,-0.7,3.9,3.2,0.5
208,Kevin Huerter\huertke01,SG,21,ATL,10,225,12.4,.570,.587,.200,3.0,14.4,8.7,18.4,1.2,1.2,17.2,18.1,,0.2,0.0,0.2,.039,,0.0,-2.3,-2.4,0.0
209,De'Andre Hunter\huntede01,SF,22,ATL,20,633,7.7,.506,.431,.204,1.7,12.7,7.2,8.1,0.9,0.7,13.6,17.8,,-0.3,-0.1,-0.4,-0.028,,-2.8,-2.6,-5.4,-0.5
210,Chandler Hutchison\hutchch01,SF,23,CHI,9,154,11.0,.564,.273,.659,0.6,22.5,11.0,7.8,1.5,1.2,17.5,18.4,,0.0,0.2,0.2,.050,,-5.2,0.1,-5.1,-0.1
211,Serge Ibaka\ibakase01,C,30,TOR,9,204,17.2,.576,.214,.245,4.3,22.6,14.0,7.3,1.4,4.4,15.6,27.0,,0.0,0.5,0.4,.103,,-3.5,1.4,-2.1,0.0
212,Ersan İlyasova\ilyaser01,PF,32,MIL,18,291,16.5,.609,.511,.278,7.4,20.2,14.0,4.5,1.3,1.8,4.7,14.9,,0.7,0.5,1.2,.202,,1.0,-0.1,0.9,0.2
213,Joe Ingles\inglejo01,SF,32,UTA,20,548,8.3,.488,.677,.195,1.0,14.4,8.0,17.2,1.3,0.3,15.3,13.5,,0.0,0.7,0.7,.065,,-1.4,1.3,-0.1,0.3
214,Brandon Ingram\ingrabr01,PF,22,NOP,16,545,22.0,.595,.300,.300,2.6,21.0,11.5,19.7,1.0,2.7,11.8,29.2,,1.2,0.3,1.5,.130,,2.5,-0.7,1.8,0.5
215,Kyrie Irving\irvinky01,PG,27,BRK,11,372,26.1,.561,.361,.250,2.8,13.4,8.2,39.7,1.5,1.3,8.5,34.1,,1.3,0.3,1.6,.203,,7.3,-0.8,6.5,0.8
216,Jonathan Isaac\isaacjo01,SF,22,ORL,17,521,18.8,.560,.354,.215,6.2,20.1,12.9,7.5,2.3,8.2,12.0,18.7,,0.4,1.2,1.6,.149,,-1.0,5.5,4.5,0.9
217,Wesley Iwundu\iwundwe01,SF,25,ORL,10,142,6.4,.391,.273,.545,2.9,13.1,7.8,6.9,1.7,1.3,8.9,13.7,,-0.1,0.2,0.1,.019,,-6.0,0.8,-5.2,-0.1
218,Frank Jackson\jacksfr01,PG,21,NOP,18,284,9.8,.510,.476,.238,1.8,8.5,5.0,10.1,1.3,0.3,11.5,22.7,,0.0,0.0,0.0,-0.003,,-2.2,-3.9,-6.1,-0.3
219,Jaren Jackson\jacksja02,C,20,MEM,18,474,14.3,.572,.433,.205,5.0,14.4,9.7,7.7,0.8,3.5,12.0,23.2,,0.3,0.2,0.6,.059,,0.1,-1.5,-1.4,0.1
220,Justin Jackson\jacksju01,PF,24,DAL,18,237,16.1,.636,.511,.125,3.1,15.3,9.3,4.4,0.6,0.7,4.1,17.2,,0.6,0.2,0.7,.152,,1.3,-2.7,-1.3,0.0
221,Reggie Jackson\jacksre01,PG,29,DET,2,36,11.1,.437,.455,.091,3.3,12.5,8.0,31.3,0.0,0.0,8.0,15.0,,0.0,0.0,0.1,.074,,-1.3,-3.8,-5.0,0.0
222,Justin James\jamesju01,SG,23,SAC,9,123,10.7,.458,.317,.146,0.9,15.3,7.9,10.0,1.6,3.8,4.4,16.2,,0.0,0.1,0.1,.037,,-3.7,0.8,-2.9,0.0
223,LeBron James\jamesle01,PG,35,LAL,20,697,27.6,.577,.294,.286,3.1,19.1,11.3,51.8,2.0,1.5,14.6,31.8,,2.3,1.2,3.5,.242,,7.0,2.5,9.5,2.0
224,Amile Jefferson\jeffeam01,PF,26,ORL,3,9,39.5,1.000,.000,.000,22.6,12.1,17.5,50.4,0.0,0.0,25.0,19.2,,0.1,0.0,0.1,.395,,13.3,-1.5,11.8,0.0
225,DaQuan Jeffries\jeffrda01,SG,22,SAC,2,11,12.8,1.000,.000,.000,10.1,0.0,5.2,12.9,0.0,0.0,0.0,4.0,,0.0,0.0,0.0,.171,,2.7,-2.9,-0.2,0.0
226,Alize Johnson\johnsal02,SF,23,IND,7,36,15.0,.509,.000,.364,18.4,18.4,18.4,7.5,0.0,0.0,7.3,16.4,,0.1,0.0,0.1,.156,,-0.9,-1.8,-2.7,0.0
227,Cameron Johnson\johnsca02,PF,23,PHO,16,307,13.7,.589,.664,.150,4.6,12.0,8.2,5.7,1.4,1.4,7.7,18.1,,0.4,0.2,0.7,.102,,1.4,-1.3,0.0,0.2
228,James Johnson\johnsja01,PF,32,MIA,6,68,9.4,.506,.500,.222,3.5,14.2,9.2,8.4,2.1,2.9,16.8,15.0,,0.0,0.1,0.1,.058,,-3.7,1.7,-2.0,0.0
229,Keldon Johnson\johnske04,SF,20,SAS,1,2,-20.0,.000,.000,.000,0.0,0.0,0.0,0.0,0.0,0.0,0.0,21.2,,0.0,0.0,0.0,-0.542,,-20.8,-7.1,-27.9,0.0
230,Stanley Johnson\johnsst04,PF,23,TOR,5,19,-3.5,.389,.444,.000,11.4,25.3,18.8,0.0,2.5,0.0,30.8,29.3,,-0.1,0.0,-0.1,-0.216,,-14.6,-5.2,-19.8,-0.1
231,Tyler Johnson\johnsty01,SG,27,PHO,18,360,9.0,.514,.491,.218,1.5,9.3,5.3,15.7,0.8,1.5,13.6,16.5,,0.0,0.2,0.2,.033,,-2.0,-1.1,-3.1,-0.1
232,Nikola Jokić\jokicni01,C,24,DEN,17,527,19.4,.520,.292,.182,7.3,28.1,17.6,31.0,1.8,1.6,15.0,24.4,,0.5,1.2,1.7,.155,,1.6,3.9,5.5,1.0
233,Damian Jones\jonesda03,C,24,ATL,19,343,16.1,.710,.063,.380,9.0,12.7,10.9,6.2,1.2,4.3,11.5,12.6,,0.9,0.1,1.0,.139,,1.0,0.0,1.0,0.3
234,Derrick Jones\jonesde02,SF,22,MIA,5,58,15.9,.657,.200,.150,6.2,9.3,7.8,5.7,2.5,0.0,8.6,17.2,,0.1,0.1,0.2,.183,,0.6,-0.9,-0.3,0.0
235,Tyus Jones\jonesty01,PG,23,MEM,19,372,10.5,.440,.242,.185,0.0,7.7,3.8,32.6,2.0,0.2,16.2,17.8,,-0.1,0.1,0.0,.001,,-3.6,-3.3,-6.9,-0.5
236,DeAndre Jordan\jordade01,C,31,BRK,17,366,21.0,.688,.000,.434,11.0,32.7,22.1,13.7,1.0,3.9,14.7,13.1,,1.1,0.6,1.7,.219,,0.4,3.4,3.8,0.5
237,Cory Joseph\josepco01,PG,28,SAC,18,444,8.6,.431,.239,.119,2.8,9.8,6.2,22.0,1.6,2.1,17.3,13.6,,-0.1,0.3,0.2,.025,,-3.5,0.6,-2.9,-0.1
238,Mfiondu Kabengele\kabenmf01,C,22,LAC,5,19,19.8,.658,.556,.222,0.0,15.8,8.1,0.0,0.0,4.7,0.0,21.2,,0.1,0.0,0.1,.239,,0.6,-4.1,-3.5,0.0
239,Frank Kaminsky\kaminfr01,C,26,PHO,18,416,11.8,.511,.449,.388,4.2,21.2,12.6,12.6,0.6,1.5,10.4,19.6,,0.2,0.4,0.5,.061,,-1.6,-0.3,-1.9,0.0
240,Enes Kanter\kanteen01,C,27,BOS,12,197,24.4,.600,.016,.524,18.2,22.6,20.4,10.2,2.2,2.9,11.4,18.8,,0.6,0.4,1.0,.247,,1.8,2.4,4.2,0.3
241,Luke Kennard\kennalu01,SG,23,DET,20,675,15.9,.595,.521,.237,0.9,11.0,6.1,19.6,0.6,0.5,8.7,20.0,,1.6,0.3,1.9,.135,,2.8,-2.6,0.3,0.4
242,Stanton Kidd\kiddst01,SF,27,UTA,4,15,-13.6,.000,.333,.000,0.0,20.4,10.7,8.5,0.0,0.0,40.0,14.4,,-0.1,0.0,-0.1,-0.312,,-16.3,0.9,-15.3,-0.1
243,Michael Kidd-Gilchrist\kiddgmi01,PF,26,CHO,2,18,0.4,.322,.300,.200,5.8,32.3,18.3,8.0,0.0,0.0,8.4,28.5,,-0.1,0.0,-0.1,-0.190,,-11.5,-5.7,-17.2,-0.1
244,Maxi Kleber\klebima01,C,28,DAL,18,455,11.9,.560,.610,.186,6.5,17.7,12.2,5.5,0.4,2.4,8.6,12.9,,0.7,0.4,1.0,.111,,0.0,0.2,0.2,0.3
245,Brandon Knight\knighbr03,PG,28,CLE,6,76,9.5,.489,.813,.125,1.4,8.7,5.0,24.4,1.3,0.0,15.1,22.4,,0.0,0.0,0.0,-0.007,,0.1,-4.1,-4.0,0.0
246,Kevin Knox\knoxke01,SF,20,NYK,19,379,11.9,.524,.548,.341,2.4,14.2,8.0,10.7,1.3,1.6,8.8,17.9,,0.3,0.2,0.5,.063,,-0.6,-1.5,-2.2,0.0
247,John Konchar\konchjo01,SG,23,MEM,1,7,0.0,,,,0.0,0.0,0.0,0.0,0.0,0.0,,0.0,,0.0,0.0,0.0,-0.021,,-5.9,-0.5,-6.4,0.0
248,Furkan Korkmaz\korkmfu01,SG,22,PHI,19,435,9.7,.567,.628,.131,1.1,10.1,5.7,5.0,0.7,1.0,8.9,16.5,,0.3,0.5,0.7,.080,,-0.8,-1.7,-2.6,-0.1
249,Luke Kornet\kornelu01,C,24,CHI,11,126,9.3,.433,.545,.114,3.9,12.9,8.2,7.0,0.7,6.7,6.1,16.1,,-0.1,0.1,0.1,.029,,-4.5,1.7,-2.8,0.0
250,Kyle Korver\korveky01,SF,38,MIL,16,236,8.8,.545,.813,.100,2.6,7.6,5.2,3.2,1.3,1.5,13.5,16.8,,0.0,0.3,0.3,.053,,-1.3,-1.3,-2.6,0.0
251,Rodions Kurucs\kurucro01,PF,21,BRK,10,99,1.3,.449,.304,.261,5.4,17.4,11.5,1.4,2.4,0.0,31.9,15.8,,-0.3,0.1,-0.2,-0.096,,-8.9,-0.9,-9.8,-0.2
252,Kyle Kuzma\kuzmaky01,PF,24,LAL,16,360,10.0,.551,.500,.200,1.9,14.6,8.4,5.1,0.3,1.2,14.2,22.5,,-0.1,0.4,0.3,.039,,-3.1,-2.3,-5.4,-0.3
253,Skal Labissière\labissk01,C,23,POR,20,335,16.6,.595,.072,.227,12.9,17.9,15.4,9.8,0.7,5.2,17.7,16.1,,0.6,0.3,0.9,.129,,-0.4,2.1,1.7,0.3
254,Jeremy Lamb\lambje01,SG,27,IND,10,330,17.3,.574,.299,.254,2.0,16.7,9.4,12.8,1.5,1.9,9.1,21.4,,0.5,0.5,1.0,.153,,0.6,1.0,1.6,0.3
255,Romeo Langford\langfro01,SG,20,BOS,1,0,,,,,,,,,,,,,,0.0,0.0,0.0,,,-6.1,0.8,-5.3,0.0
256,Zach LaVine\lavinza01,SG,24,CHI,20,642,17.5,.552,.406,.246,2.4,11.2,6.6,22.1,1.9,1.5,13.9,30.0,,0.3,0.6,1.0,.073,,1.6,-0.7,0.9,0.5
257,Jake Layman\laymaja01,PF,25,MIN,14,369,10.3,.539,.409,.076,3.3,7.9,5.6,4.5,1.5,2.1,11.7,17.0,,0.0,0.3,0.3,.040,,-2.7,-0.2,-2.9,-0.1
258,T.J. Leaf\leaftj01,PF,22,IND,15,158,16.6,.504,.190,.138,14.0,25.8,19.9,5.3,2.1,1.7,8.9,18.4,,0.2,0.3,0.5,.143,,-1.8,0.6,-1.2,0.0
259,Courtney Lee\leeco01,SG,34,DAL,5,47,17.9,.706,.412,.000,0.0,4.3,2.2,9.8,0.0,3.5,0.0,15.2,,0.2,0.0,0.2,.186,,2.5,-2.6,-0.1,0.0
260,Damion Lee\leeda03,SG,27,GSW,11,241,12.7,.521,.385,.363,3.9,15.4,9.6,12.7,1.6,0.0,11.0,20.8,,0.1,0.1,0.2,.040,,-1.3,-2.7,-4.0,-0.1
261,Alex Len\lenal01,C,26,ATL,19,317,13.2,.536,.253,.404,9.1,20.1,14.6,7.5,0.9,4.7,14.6,17.8,,0.2,0.1,0.3,.044,,-2.5,-0.3,-2.9,-0.1
262,Kawhi Leonard\leonaka01,SF,28,LAC,15,471,25.6,.546,.249,.313,3.8,21.2,12.7,30.3,2.9,2.3,12.5,35.2,,0.8,1.0,1.8,.183,,3.2,3.4,6.6,1.0
263,Meyers Leonard\leoname01,PF,27,MIA,19,359,11.8,.706,.425,.100,2.0,22.8,13.0,6.5,0.9,2.2,17.7,12.1,,0.4,0.6,0.9,.127,,-1.5,1.4,-0.1,0.2
264,Caris LeVert\leverca01,SG,25,BRK,9,284,11.0,.491,.257,.221,3.7,12.5,8.2,20.2,1.0,0.3,16.8,27.0,,-0.3,0.2,-0.1,-0.025,,-3.4,-1.9,-5.3,-0.2
265,Damian Lillard\lillada01,PG,29,POR,18,666,25.4,.611,.474,.404,1.7,11.3,6.5,31.1,1.3,1.1,11.0,28.3,,2.7,0.4,3.1,.220,,7.5,-1.7,5.7,1.3
266,Nassir Little\littlna01,PF,19,POR,13,207,9.9,.485,.411,.321,7.9,16.9,12.5,4.5,1.1,1.6,9.9,14.3,,0.1,0.2,0.2,.056,,-2.2,-0.7,-2.9,0.0
267,Kevon Looney\looneke01,C,23,GSW,1,10,18.6,.375,.250,.000,52.7,43.7,48.3,14.4,0.0,0.0,20.0,21.1,,0.0,0.0,0.0,.111,,1.9,-2.9,-1.0,0.0
268,Brook Lopez\lopezbr01,C,31,MIL,19,513,14.5,.547,.577,.238,2.2,15.3,9.0,7.5,1.2,7.8,9.7,16.4,,0.4,1.1,1.5,.139,,-1.0,4.1,3.0,0.7
269,Robin Lopez\lopezro01,C,31,MIL,20,279,9.6,.585,.410,.192,7.0,12.5,9.9,6.5,0.5,3.7,24.2,16.4,,-0.1,0.4,0.3,.057,,-2.9,0.9,-2.1,0.0
270,Kevin Love\loveke01,PF,31,CLE,16,506,19.1,.619,.532,.452,3.3,35.1,18.9,14.5,1.1,1.0,17.1,22.7,,0.8,0.5,1.3,.122,,1.3,0.3,1.6,0.5
271,Kyle Lowry\lowryky01,PG,33,TOR,8,289,19.9,.662,.602,.372,0.8,10.7,6.0,27.5,1.5,0.9,17.0,23.5,,0.8,0.4,1.2,.205,,4.6,-0.7,3.9,0.4
272,Timothé Luwawu-Cabarrot\luwawti01,SG,24,BRK,2,6,-9.1,.174,.500,1.000,0.0,0.0,0.0,0.0,0.0,0.0,0.0,19.9,,0.0,0.0,0.0,-0.305,,-13.0,-6.4,-19.4,0.0
273,Trey Lyles\lylestr01,PF,24,SAS,21,363,12.1,.561,.551,.115,8.3,29.6,18.7,8.9,0.5,1.4,16.3,11.4,,0.3,0.2,0.5,.067,,-1.1,-0.6,-1.7,0.0
274,Daryl Macon\maconda01,SG,24,MIA,3,13,-3.0,.500,.667,.000,0.0,0.0,0.0,10.4,0.0,0.0,40.0,16.5,,0.0,0.0,0.0,-0.141,,-9.4,-5.4,-14.9,0.0
275,Josh Magette\magetjo01,PG,30,ORL,2,8,33.5,.400,.000,.000,12.7,13.6,13.1,47.7,12.3,0.0,0.0,27.1,,0.0,0.0,0.0,.258,,7.0,10.1,17.1,0.0
276,Thon Maker\makerth01,C,22,DET,18,213,10.9,.578,.325,.775,5.5,13.2,9.5,5.8,1.4,4.7,15.7,13.0,,0.1,0.2,0.4,.081,,-2.2,1.4,-0.8,0.1
277,Terance Mann\mannte01,SG,23,LAC,16,135,10.8,.579,.194,.258,1.6,13.3,7.6,18.0,1.7,1.3,20.7,13.1,,0.1,0.2,0.3,.105,,-2.7,1.2,-1.4,0.0
278,Boban Marjanović\marjabo01,C,31,DAL,9,108,18.4,.553,.020,.245,12.7,24.2,18.6,7.3,0.9,0.8,11.4,23.9,,0.2,0.1,0.3,.132,,-2.3,-2.0,-4.3,-0.1
279,Lauri Markkanen\markkla01,PF,22,CHI,20,589,11.6,.492,.480,.397,3.3,22.1,12.2,9.2,1.4,1.6,12.4,21.5,,-0.2,0.7,0.5,.040,,-3.2,0.2,-3.0,-0.2
280,Caleb Martin\martica02,SF,24,CHO,3,25,-1.1,.242,.333,.333,0.0,18.6,8.8,16.6,1.9,7.1,22.5,23.0,,-0.2,0.0,-0.1,-0.275,,-13.6,2.0,-11.6,-0.1
281,Cody Martin\martico01,SF,24,CHO,16,189,10.5,.445,.429,.524,4.4,17.2,10.5,13.2,3.3,0.5,11.9,13.4,,0.0,0.2,0.2,.043,,-2.8,0.6,-2.2,0.0
282,Kelan Martin\martike03,SF,24,MIN,8,116,2.9,.398,.545,.000,1.8,19.9,10.9,2.5,0.4,0.7,6.4,16.5,,-0.2,0.1,-0.1,-0.042,,-7.1,-2.7,-9.9,-0.2
283,Frank Mason\masonfr01,PG,25,MIL,2,10,7.9,.410,.500,.500,0.0,0.0,0.0,24.7,0.0,0.0,0.0,20.0,,0.0,0.0,0.0,.063,,-3.9,-9.3,-13.3,0.0
284,Garrison Mathews\mathega01,SG,23,WAS,2,14,-7.0,.000,1.000,.000,0.0,8.0,3.9,15.2,0.0,0.0,33.3,8.7,,-0.1,0.0,-0.1,-0.203,,-9.1,-3.3,-12.5,0.0
285,Wesley Matthews\matthwe02,SG,33,MIL,20,494,9.9,.611,.685,.189,0.4,8.2,4.5,6.9,1.0,0.4,11.0,12.8,,0.5,0.6,1.1,.103,,0.1,-0.6,-0.5,0.2
286,Patrick McCaw\mccawpa01,SF,24,TOR,2,40,10.1,.680,.600,.400,5.4,9.6,7.7,9.8,3.6,0.0,33.8,9.5,,0.0,0.1,0.1,.107,,-0.8,2.7,1.8,0.0
287,CJ McCollum\mccolcj01,SG,28,POR,20,736,15.9,.523,.334,.112,2.4,10.2,6.3,16.6,1.0,1.8,9.3,26.3,,0.6,0.3,0.9,.062,,0.6,-1.5,-0.9,0.2
288,T.J. McConnell\mccontj01,PG,27,IND,17,295,17.3,.531,.028,.083,3.4,14.9,9.2,39.0,1.6,0.9,18.8,20.1,,0.4,0.4,0.8,.130,,-0.8,0.4,-0.3,0.1
289,Jalen McDaniels\mcdanja01,PF,22,CHO,1,3,27.0,.500,.000,.000,34.8,0.0,18.3,0.0,0.0,0.0,0.0,28.8,,0.0,0.0,0.0,.118,,0.9,-12.6,-11.6,0.0
290,Doug McDermott\mcderdo01,PF,28,IND,19,395,10.2,.563,.510,.070,2.2,12.0,7.1,7.0,0.2,0.7,10.3,17.9,,0.3,0.4,0.6,.078,,-0.8,-1.6,-2.4,0.0
291,JaVale McGee\mcgeeja01,C,32,LAL,20,337,20.9,.623,.000,.243,13.0,28.3,20.9,6.4,1.7,6.4,13.0,16.6,,0.7,0.8,1.5,.217,,-1.2,4.0,2.9,0.4
292,Rodney McGruder\mcgruro01,SG,28,LAC,15,260,6.1,.472,.583,.133,4.4,9.6,7.1,6.0,0.7,1.0,9.9,11.1,,0.0,0.3,0.3,.051,,-2.2,0.3,-1.9,0.0
293,Alfonzo McKinnie\mckinal01,SF,27,CLE,13,145,8.8,.526,.457,.257,4.4,17.4,10.8,3.0,1.7,1.8,13.3,13.3,,0.0,0.1,0.1,.035,,-3.2,-0.5,-3.7,-0.1
294,Jordan McLaughlin\mclaujo01,PG,23,MIN,4,57,2.8,.346,.533,.133,1.8,10.6,6.2,18.5,0.8,0.0,20.1,14.2,,-0.1,0.0,-0.1,-0.064,,-6.8,-1.8,-8.6,-0.1
295,Ben McLemore\mclembe01,SG,26,HOU,19,396,9.8,.534,.851,.187,1.8,10.3,6.1,5.6,1.5,0.7,7.6,16.1,,0.3,0.3,0.6,.071,,-0.3,-1.8,-2.2,0.0
296,Jordan McRae\mcraejo01,SG,28,WAS,12,209,15.8,.582,.333,.190,1.5,14.5,7.8,20.5,1.3,1.6,12.5,20.2,,0.4,0.0,0.4,.083,,0.5,-2.1,-1.6,0.0
297,Nicolò Melli\mellini01,C,29,NOP,18,289,12.0,.575,.698,.233,4.3,13.7,8.8,9.8,1.8,0.9,12.1,15.3,,0.4,0.1,0.5,.078,,0.6,-1.3,-0.7,0.1
298,De'Anthony Melton\meltode01,PG,21,MEM,8,79,14.7,.435,.387,.258,3.9,16.2,10.0,29.2,4.7,2.2,16.9,21.7,,-0.1,0.1,0.1,.036,,-1.9,2.0,0.2,0.0
299,Chimezie Metu\metuch01,PF,22,SAS,6,21,42.1,.581,.000,.333,34.7,20.9,28.0,17.6,0.0,7.9,0.0,27.8,,0.1,0.0,0.2,.358,,9.9,0.5,10.4,0.1
300,Khris Middleton\middlkh01,SF,28,MIL,13,366,17.8,.584,.392,.250,3.1,14.7,9.1,15.9,1.4,0.2,11.7,24.8,,0.6,0.5,1.2,.154,,1.4,-1.0,0.4,0.2
301,C.J. Miles\milescj01,SG,32,WAS,10,161,11.1,.472,.593,.339,2.6,5.6,4.0,9.1,2.8,2.1,5.6,18.1,,0.1,0.0,0.1,.027,,-0.6,-1.7,-2.4,0.0
302,Malcolm Miller\millema01,SF,26,TOR,8,48,11.3,.705,.909,.364,0.0,10.0,5.3,11.6,0.0,1.9,13.6,13.2,,0.1,0.1,0.1,.127,,1.0,-1.4,-0.4,0.0
303,Patty Mills\millspa02,PG,31,SAS,21,469,15.5,.614,.565,.175,0.9,5.2,3.0,12.9,1.9,0.7,10.3,19.2,,0.8,0.1,0.9,.091,,2.6,-3.4,-0.8,0.1
304,Paul Millsap\millspa01,PF,34,DEN,17,443,19.7,.617,.261,.414,8.2,15.4,11.8,7.2,1.8,2.7,8.8,19.7,,1.2,0.8,2.0,.222,,1.8,1.7,3.4,0.6
305,Shake Milton\miltosh01,SG,23,PHI,8,70,-1.1,.468,.586,.241,1.6,9.4,5.6,8.2,0.7,0.0,27.2,26.9,,-0.3,0.1,-0.2,-0.154,,-8.5,-3.8,-12.3,-0.2
306,Donovan Mitchell\mitchdo01,SG,23,UTA,20,693,20.5,.543,.302,.258,3.2,11.5,7.6,20.4,1.9,0.6,8.2,31.2,,1.1,1.0,2.1,.144,,2.6,-0.1,2.5,0.8
307,Naz Mitrou-Long\mitrona01,SG,26,IND,3,43,10.6,.438,.688,.000,0.0,15.4,7.7,21.9,1.1,2.0,11.1,18.0,,0.0,0.1,0.0,.045,,-2.3,-0.3,-2.6,0.0
308,Malik Monk\monkma01,SG,21,CHO,21,445,11.7,.542,.463,.169,1.4,12.5,6.7,16.5,0.8,0.8,14.0,21.5,,0.1,0.0,0.1,.012,,-1.4,-3.1,-4.5,-0.3
309,E'Twaun Moore\mooreet01,SG,30,NOP,15,319,12.1,.504,.388,.158,4.2,13.1,8.5,10.5,1.2,0.3,6.9,20.5,,0.2,0.0,0.2,.036,,-1.0,-2.8,-3.8,-0.1
310,Ja Morant\moranja01,PG,20,MEM,17,488,18.8,.537,.151,.329,3.4,8.3,5.8,35.9,2.2,0.9,16.4,29.9,,0.4,0.2,0.6,.058,,1.1,-1.9,-0.8,0.1
311,Juwan Morgan\morgaju01,PF,22,UTA,1,3,-1.4,,,,0.0,34.1,17.8,0.0,0.0,0.0,,0.0,,0.0,0.0,0.0,.079,,-9.3,0.1,-9.2,0.0
312,Marcus Morris\morrima03,SF,30,NYK,19,628,16.5,.578,.383,.323,3.7,16.8,9.9,6.5,1.4,1.9,10.5,23.3,,1.0,0.4,1.4,.103,,0.7,-1.7,-1.0,0.2
313,Markieff Morris\morrima02,PF,30,DET,20,457,12.5,.589,.464,.181,2.6,15.8,9.3,11.1,1.4,0.7,15.6,20.2,,0.3,0.3,0.6,.063,,-0.5,-1.4,-1.9,0.0
314,Monte Morris\morrimo01,PG,24,DEN,17,293,13.6,.472,.162,.180,1.4,9.8,5.6,28.9,1.0,0.9,8.4,19.2,,0.2,0.4,0.6,.103,,-2.2,-1.0,-3.2,-0.1
315,Johnathan Motley\motlejo01,PF,24,LAC,2,4,11.5,.500,.333,.000,26.2,25.0,25.6,81.9,0.0,0.0,40.0,51.0,,0.0,0.0,0.0,-0.135,,2.1,5.0,7.1,0.0
316,Emmanuel Mudiay\mudiaem01,PG,23,UTA,17,276,12.2,.538,.239,.195,2.4,14.4,8.7,25.2,1.0,1.2,21.2,24.4,,-0.2,0.4,0.2,.035,,-2.9,0.3,-2.5,0.0
317,Dejounte Murray\murrade01,PG,23,SAS,18,402,17.2,.515,.160,.273,5.4,24.3,14.6,26.9,3.2,1.0,19.2,21.9,,0.1,0.4,0.5,.061,,-0.8,1.7,0.9,0.3
318,Jamal Murray\murraja01,PG,22,DEN,17,564,17.2,.532,.335,.175,2.4,12.1,7.2,23.9,2.4,1.0,12.7,25.8,,0.4,1.0,1.4,.121,,1.0,1.1,2.1,0.6
319,Džanan Musa\musadz01,SF,20,BRK,15,240,5.7,.435,.500,.342,3.1,14.4,8.9,10.8,1.4,0.3,19.4,18.7,,-0.4,0.2,-0.3,-0.052,,-5.6,-1.1,-6.7,-0.3
320,Mike Muscala\muscami01,C,28,OKC,13,150,8.2,.423,.750,.154,4.4,19.2,12.0,13.3,1.0,1.6,8.3,17.8,,-0.1,0.2,0.1,.022,,-2.4,-0.4,-2.9,0.0
321,Sviatoslav Mykhailiuk\mykhasv01,SF,22,DET,15,242,8.6,.625,.746,.068,1.9,6.5,4.3,9.8,0.8,0.3,16.5,13.1,,0.2,0.1,0.3,.054,,-0.1,-2.6,-2.7,0.0
322,Abdel Nader\naderab01,SF,26,OKC,12,169,13.0,.613,.525,.305,2.6,10.7,6.8,7.4,0.9,1.5,16.3,20.8,,0.1,0.1,0.2,.063,,-1.2,-1.9,-3.1,0.0
323,Larry Nance\nancela02,C,27,CLE,17,441,19.6,.641,.421,.233,8.4,23.6,15.9,7.9,2.1,1.3,9.8,15.8,,1.1,0.4,1.5,.163,,2.6,0.7,3.3,0.6
324,Shabazz Napier\napiesh01,PG,28,MIN,7,142,12.7,.491,.727,.409,0.7,10.6,5.7,26.1,3.2,1.7,20.0,18.6,,0.0,0.2,0.2,.057,,-2.0,0.3,-1.8,0.0
325,Raul Neto\netora01,PG,27,PHI,17,199,11.3,.580,.339,.071,1.7,8.3,5.1,18.7,1.7,0.9,20.6,15.6,,0.1,0.3,0.3,.079,,-2.3,-0.9,-3.2,-0.1
326,Georges Niang\niangge01,PF,26,UTA,14,140,8.1,.586,.600,.250,0.8,14.6,8.0,7.6,0.0,1.2,15.3,16.2,,0.0,0.2,0.2,.065,,-2.4,-0.9,-3.3,0.0
327,Nerlens Noel\noelne01,C,25,OKC,18,335,21.2,.673,.000,.447,7.6,20.4,14.1,12.1,2.4,7.6,16.4,16.0,,0.8,0.7,1.5,.210,,-0.1,5.8,5.7,0.7
328,Zach Norvell\norveza01,SG,22,LAL,2,5,-5.7,.000,.000,.000,0.0,21.5,11.0,0.0,0.0,0.0,0.0,8.5,,0.0,0.0,0.0,-0.149,,-14.5,-2.5,-17.0,0.0
329,Jaylen Nowell\nowelja01,SG,20,MIN,2,15,2.9,.338,.750,.250,0.0,6.7,3.4,26.3,0.0,0.0,18.4,14.8,,0.0,0.0,0.0,-0.066,,-6.7,-4.9,-11.6,0.0
330,Frank Ntilikina\ntilila01,PG,21,NYK,19,495,9.9,.471,.390,.138,1.6,7.5,4.4,19.8,2.7,2.0,14.4,13.1,,0.1,0.3,0.4,.041,,-2.0,0.2,-1.8,0.0
331,Kendrick Nunn\nunnke01,SG,24,MIA,19,552,14.4,.557,.418,.099,0.9,8.0,4.6,18.5,2.0,0.9,12.4,24.4,,0.4,0.7,1.1,.096,,-0.2,-1.1,-1.3,0.1
332,David Nwaba\nwabada01,SF,27,BRK,12,137,11.9,.715,.455,.545,3.1,14.8,9.1,4.0,1.4,4.1,15.5,9.8,,0.2,0.2,0.3,.120,,-1.7,1.5,-0.1,0.1
333,Royce O'Neale\onealro01,PF,26,UTA,20,574,9.3,.652,.616,.140,0.4,16.2,8.7,13.2,1.2,0.9,16.5,8.3,,0.6,0.8,1.5,.123,,-0.3,2.6,2.3,0.6
334,Kyle O'Quinn\oquinky01,C,29,PHI,13,120,16.5,.603,.364,.182,12.5,27.5,20.2,20.5,0.8,5.0,25.2,16.9,,0.1,0.2,0.3,.140,,-0.5,3.4,2.9,0.1
335,Semi Ojeleye\ojelese01,PF,25,BOS,19,249,6.5,.547,.568,.182,2.1,10.0,6.0,3.7,1.0,0.4,7.8,8.7,,0.1,0.3,0.4,.075,,-2.5,-0.2,-2.6,0.0
336,Jahlil Okafor\okafoja01,C,24,NOP,13,229,19.8,.677,.027,.480,9.4,19.2,14.1,11.3,0.8,4.9,18.0,19.8,,0.5,0.1,0.7,.143,,0.1,0.8,0.9,0.2
337,Elie Okobo\okoboel01,PG,22,PHO,13,144,16.0,.513,.480,.340,1.5,10.1,5.7,35.4,1.3,0.0,6.5,18.1,,0.3,0.1,0.4,.139,,1.4,-3.2,-1.8,0.0
338,Josh Okogie\okogijo01,SG,21,MIN,17,410,13.1,.550,.381,.562,6.2,15.9,11.1,10.9,2.1,1.4,15.5,15.4,,0.4,0.5,0.9,.102,,-1.6,1.4,-0.1,0.2
339,KZ Okpala\okpalkz01,SF,20,MIA,2,3,-13.3,,,,0.0,35.9,18.9,0.0,0.0,0.0,100.0,14.3,,0.0,0.0,0.0,-0.380,,-22.8,-0.7,-23.5,0.0
340,Kelly Olynyk\olynyke01,C,28,MIA,19,433,13.7,.626,.582,.197,5.0,19.9,12.9,9.4,2.1,1.6,16.9,15.8,,0.5,0.8,1.3,.141,,0.2,1.7,1.9,0.4
341,Miye Oni\onimi01,SG,22,UTA,2,4,-12.9,,,,0.0,0.0,0.0,0.0,0.0,0.0,100.0,10.8,,0.0,0.0,0.0,-0.318,,-15.7,1.7,-13.9,0.0
342,Cedi Osman\osmande01,SF,24,CLE,19,572,9.9,.533,.519,.160,1.7,12.1,6.8,10.6,1.7,0.6,12.2,14.8,,0.2,0.2,0.4,.037,,-0.6,-0.2,-0.8,0.2
343,Kelly Oubre\oubreke01,SF,24,PHO,18,558,16.7,.574,.333,.359,4.7,16.6,10.5,8.5,2.0,1.6,9.9,23.2,,0.7,0.6,1.4,.117,,0.4,0.0,0.4,0.3
344,Jabari Parker\parkeja01,PF,24,ATL,20,560,19.4,.572,.294,.201,7.9,18.2,13.0,12.7,2.6,1.5,11.5,24.5,,0.8,0.3,1.1,.096,,2.0,-1.0,1.0,0.4
345,Chandler Parsons\parsoch01,SF,31,ATL,3,35,11.0,.458,.833,.000,3.2,9.6,6.4,8.1,5.4,0.0,7.7,15.4,,0.0,0.0,0.0,.031,,-0.3,-0.5,-0.8,0.0
346,Eric Paschall\pascher01,PF,23,GSW,20,630,15.6,.579,.194,.377,4.9,13.2,8.9,8.5,0.5,1.0,9.5,21.8,,1.0,0.0,1.0,.073,,-0.2,-3.1,-3.3,-0.2
347,Patrick Patterson\pattepa01,PF,30,LAC,19,260,10.3,.548,.787,.107,4.8,14.6,9.8,7.2,0.4,0.7,8.2,13.4,,0.3,0.3,0.6,.102,,-0.1,-0.7,-0.8,0.1
348,Justin Patton\pattoju01,C,22,OKC,2,9,-10.3,.333,.333,.000,0.0,23.7,12.1,0.0,0.0,0.0,25.0,19.6,,-0.1,0.0,0.0,-0.231,,-15.2,-5.4,-20.6,0.0
349,Chris Paul\paulch01,PG,34,OKC,19,580,20.1,.609,.403,.427,1.0,13.8,7.5,29.3,2.7,0.0,13.4,21.5,,1.5,0.7,2.2,.182,,3.3,0.1,3.4,0.8
350,Elfrid Payton\paytoel01,PG,25,NYK,4,102,13.7,.506,.276,.207,3.0,9.9,6.3,22.3,4.8,0.0,18.1,16.2,,0.0,0.1,0.2,.072,,-1.3,0.7,-0.6,0.0
351,Norvel Pelle\pelleno01,SF,26,PHI,1,13,13.6,.852,,,0.0,16.9,8.7,9.2,0.0,26.1,53.2,12.3,,0.0,0.0,0.0,.132,,-8.7,14.3,5.6,0.0
352,Theo Pinson\pinsoth01,SG,24,BRK,11,167,4.1,.368,.500,.132,2.5,9.7,6.2,24.0,1.7,0.0,19.1,22.1,,-0.5,0.1,-0.3,-0.099,,-6.0,-2.2,-8.2,-0.3
353,Mason Plumlee\plumlma01,C,29,DEN,17,284,18.9,.589,.024,.542,11.4,24.0,17.6,19.3,1.7,4.5,20.2,19.5,,0.4,0.7,1.0,.171,,-0.8,4.8,4.0,0.4
354,Vincent Poirier\poirivi01,C,26,BOS,6,31,8.5,.394,.000,.250,16.5,10.0,13.3,13.2,1.6,6.1,25.3,16.2,,0.0,0.1,0.0,.026,,-4.9,4.0,-0.9,0.0
355,Jakob Pöltl\poeltja01,C,24,SAS,21,376,18.2,.586,.000,.311,12.8,21.9,17.2,10.5,1.6,5.3,15.7,13.7,,0.7,0.4,1.0,.130,,-0.1,2.6,2.5,0.4
356,Shamorie Ponds\pondssh01,PG,21,TOR,2,8,20.2,.500,.250,.000,0.0,12.0,6.4,42.2,0.0,11.2,0.0,21.4,,0.0,0.0,0.0,.223,,1.0,2.9,3.9,0.0
357,Jordan Poole\poolejo01,SG,20,GSW,21,539,4.1,.393,.514,.220,0.8,9.7,5.2,12.4,1.1,0.8,10.5,20.9,,-1.1,0.0,-1.1,-0.101,,-5.2,-3.3,-8.5,-0.9
358,Kevin Porter\porteke02,SF,19,CLE,18,368,7.4,.463,.342,.225,1.7,14.3,7.9,13.7,1.8,0.9,16.4,17.0,,-0.4,0.2,-0.1,-0.018,,-3.8,-0.1,-3.9,-0.2
359,Michael Porter\portemi01,PF,21,DEN,10,90,10.3,.493,.294,.235,9.3,17.7,13.5,6.7,0.0,3.1,13.8,20.7,,0.0,0.1,0.1,.054,,-4.3,-0.4,-4.7,-0.1
360,Otto Porter\porteot01,SF,26,CHI,9,226,13.6,.544,.476,.238,3.5,11.0,7.1,9.6,1.9,1.2,7.0,18.2,,0.3,0.2,0.5,.100,,-0.3,-0.4,-0.7,0.1
361,Bobby Portis\portibo01,C,24,NYK,20,438,13.1,.479,.322,.113,8.1,21.5,14.5,8.3,1.6,1.4,9.7,20.0,,0.0,0.3,0.4,.041,,-2.2,-1.0,-3.1,-0.1
362,Kristaps Porziņģis\porzikr01,PF,24,DAL,18,561,16.4,.505,.415,.258,5.6,24.4,15.2,7.0,0.9,5.5,9.2,25.3,,0.1,0.8,1.0,.085,,-2.5,0.9,-1.6,0.1
363,Dwight Powell\poweldw01,C,28,DAL,16,410,12.2,.644,.136,.407,7.0,11.3,9.2,6.3,1.3,1.2,15.1,11.5,,0.6,0.3,1.0,.114,,0.1,0.9,0.9,0.3
364,Norman Powell\powelno01,SG,26,TOR,19,534,13.5,.586,.468,.216,2.0,11.4,7.0,8.6,1.5,1.2,11.5,18.9,,0.5,0.8,1.3,.118,,0.1,0.4,0.5,0.3
365,Julius Randle\randlju01,PF,25,NYK,20,656,15.0,.521,.266,.387,7.3,22.3,14.4,18.8,1.1,0.5,17.3,25.9,,0.0,0.4,0.4,.028,,-0.7,-0.7,-1.4,0.1
366,Cam Reddish\reddica01,SF,20,ATL,17,406,4.1,.384,.427,.231,2.7,13.8,8.2,9.9,1.7,1.1,16.0,19.1,,-1.0,0.1,-0.9,-0.112,,-6.1,-1.8,-7.9,-0.6
367,J.J. Redick\redicjj01,SG,35,NOP,19,543,15.1,.644,.693,.252,0.8,10.9,5.7,9.4,0.8,0.8,10.0,18.8,,1.2,0.0,1.2,.104,,2.9,-3.0,-0.1,0.3
368,Josh Richardson\richajo01,SG,26,PHI,16,512,14.6,.571,.407,.245,2.3,9.7,6.1,17.2,1.7,1.7,14.1,21.9,,0.5,0.7,1.2,.114,,0.5,-0.2,0.3,0.3
369,Austin Rivers\riverau01,SG,27,HOU,19,455,8.8,.505,.562,.190,3.2,8.0,5.6,7.9,0.9,0.4,6.9,14.2,,0.3,0.2,0.5,.056,,-1.4,-1.7,-3.1,-0.1
370,Duncan Robinson\robindu01,SF,25,MIA,19,479,12.4,.655,.831,.108,0.5,11.5,6.3,4.3,1.3,1.4,8.3,15.1,,0.7,0.6,1.4,.137,,1.5,-0.6,1.0,0.4
371,Glenn Robinson\robingl02,SF,26,GSW,21,671,12.9,.553,.335,.142,5.2,10.3,7.7,9.6,1.4,0.8,7.8,15.4,,0.8,0.1,0.9,.062,,0.2,-1.5,-1.3,0.1
372,Jerome Robinson\robinje01,SG,22,LAC,16,186,7.3,.488,.517,.138,0.0,11.3,5.8,12.3,1.3,2.9,15.2,15.9,,-0.1,0.2,0.1,.038,,-3.7,1.0,-2.7,0.0
373,Justin Robinson\robinju01,PG,22,WAS,4,12,8.9,.500,.200,.000,8.7,18.8,13.6,21.6,0.0,0.0,28.6,23.7,,0.0,0.0,0.0,-0.103,,-5.3,-3.3,-8.6,0.0
374,Mitchell Robinson\robinmi01,C,21,NYK,16,324,22.9,.709,.000,.570,13.8,19.1,16.3,4.6,1.4,9.2,13.2,15.0,,1.0,0.4,1.4,.214,,1.2,3.5,4.7,0.6
375,Rajon Rondo\rondora01,PG,33,LAL,10,200,16.3,.540,.408,.099,2.2,12.9,7.7,37.7,2.1,0.0,19.5,19.6,,0.3,0.3,0.6,.137,,0.0,-0.8,-0.8,0.1
376,Derrick Rose\rosede01,PG,31,DET,15,350,22.4,.579,.180,.259,2.0,6.4,4.3,43.4,1.8,1.7,16.6,31.4,,0.7,0.2,1.0,.134,,2.5,-2.9,-0.4,0.1
377,Terrence Ross\rosste01,SG,28,ORL,17,415,11.8,.508,.565,.167,1.2,12.1,6.5,6.9,1.8,1.3,8.7,22.8,,-0.1,0.5,0.4,.048,,-1.5,-1.1,-2.6,-0.1
378,Terry Rozier\roziete01,PG,25,CHO,21,678,15.5,.558,.445,.216,2.6,11.7,6.9,21.0,1.8,0.5,14.7,24.7,,0.6,0.2,0.7,.051,,1.1,-2.1,-1.0,0.2
379,Ricky Rubio\rubiori01,PG,29,PHO,13,398,16.5,.528,.310,.338,1.9,16.6,9.1,36.7,1.8,0.0,13.5,20.6,,0.7,0.4,1.1,.132,,1.2,-0.2,1.0,0.3
380,D'Angelo Russell\russeda01,SG,23,GSW,10,315,21.8,.571,.422,.316,0.7,11.8,6.1,40.4,1.2,1.4,13.8,33.1,,0.5,0.1,0.5,.082,,5.3,-3.5,1.9,0.3
381,Domantas Sabonis\sabondo01,C,23,IND,17,584,20.7,.574,.084,.340,11.9,29.8,20.9,15.5,1.0,1.4,14.4,23.5,,1.2,1.0,2.2,.182,,0.9,2.2,3.2,0.8
382,JaKarr Sampson\sampsja02,SF,26,IND,9,166,10.0,.567,.244,.171,4.7,11.3,8.0,3.2,1.5,3.2,12.0,13.0,,0.1,0.3,0.3,.093,,-2.3,1.7,-0.6,0.1
383,Dario Šarić\saricda01,PF,25,PHO,18,501,12.9,.538,.506,.157,6.3,21.9,13.9,10.1,1.7,1.6,12.8,17.3,,0.3,0.6,0.9,.082,,-0.5,1.2,0.8,0.4
384,Tomáš Satoranský\satorto01,PG,28,CHI,20,525,14.8,.580,.404,.152,3.2,10.3,6.6,30.0,2.6,0.5,20.7,16.0,,0.6,0.6,1.2,.109,,0.0,0.1,0.1,0.3
385,Admiral Schofield\schofad01,SF,22,WAS,6,52,17.2,.935,.700,.400,4.0,13.0,8.3,2.4,0.0,0.0,0.0,9.2,,0.2,0.0,0.2,.180,,4.6,-4.7,-0.1,0.0
386,Dennis Schröder\schrode01,PG,26,OKC,19,547,13.4,.524,.353,.198,1.6,13.1,7.5,22.8,1.3,0.7,16.4,27.0,,-0.3,0.5,0.2,.014,,-1.7,-1.1,-2.8,-0.1
387,Mike Scott\scottmi01,PF,31,PHI,20,385,8.8,.538,.637,.108,4.5,15.1,9.9,5.0,0.6,0.4,7.8,12.8,,0.3,0.4,0.7,.090,,-1.3,-1.2,-2.4,0.0
388,Thabo Sefolosha\sefolth01,PF,35,HOU,16,182,9.3,.429,.619,.000,6.3,15.6,11.0,10.7,2.0,1.9,8.7,10.2,,0.1,0.2,0.3,.077,,-2.1,1.4,-0.7,0.1
389,Collin Sexton\sextoco01,SG,21,CLE,19,581,14.6,.518,.242,.232,3.3,8.1,5.7,13.9,1.3,0.1,9.7,26.7,,0.3,0.1,0.4,.031,,-0.4,-2.9,-3.4,-0.2
390,Landry Shamet\shamela01,SG,22,LAC,10,294,6.2,.559,.753,.130,0.0,5.1,2.6,7.6,0.6,0.3,12.8,13.0,,0.1,0.2,0.4,.057,,-0.9,-1.1,-2.0,0.0
391,Iman Shumpert\shumpim01,SG,29,BRK,9,167,4.9,.418,.563,.104,3.8,9.7,6.8,4.9,2.2,1.0,15.2,14.7,,-0.3,0.2,-0.1,-0.030,,-4.7,-0.1,-4.9,-0.1
392,Pascal Siakam\siakapa01,PF,25,TOR,19,699,20.3,.568,.316,.231,4.7,17.9,11.7,18.7,1.2,1.8,11.4,29.6,,1.1,1.2,2.3,.160,,2.0,0.9,2.9,0.9
393,Chris Silva\silvach01,PF,23,MIA,18,186,18.4,.713,.049,.683,23.3,23.7,23.5,9.7,1.0,7.4,31.0,17.8,,0.4,0.4,0.8,.200,,0.1,4.2,4.3,0.3
394,Ben Simmons\simmobe01,PG,23,PHI,18,618,17.2,.548,.016,.353,5.0,17.4,11.4,35.7,3.3,1.4,24.2,19.4,,0.5,1.2,1.7,.133,,-0.5,3.4,2.9,0.8
395,Anfernee Simons\simonan01,SG,20,POR,20,431,11.1,.527,.469,.196,1.0,7.4,4.2,9.1,1.1,0.4,9.3,20.7,,0.2,0.1,0.3,.034,,-0.9,-2.9,-3.8,-0.2
396,Marcus Smart\smartma01,SG,25,BOS,19,607,13.7,.510,.604,.159,3.0,8.0,5.5,20.9,2.1,1.4,9.0,16.9,,0.8,0.8,1.6,.124,,1.4,0.4,1.8,0.6
397,Dennis Smith\smithde03,PG,22,NYK,13,224,7.9,.441,.309,.210,4.5,6.0,5.2,26.7,1.3,1.3,19.2,20.8,,-0.2,0.0,-0.2,-0.043,,-3.5,-2.8,-6.2,-0.2
398,Ish Smith\smithis01,PG,31,WAS,18,431,12.0,.488,.276,.090,2.7,12.0,7.2,21.6,1.5,1.4,12.2,16.2,,0.3,0.0,0.3,.028,,-1.3,-1.2,-2.5,-0.1
399,Tony Snell\snellto01,SF,28,DET,16,410,10.5,.634,.712,.038,1.4,6.0,3.8,9.0,0.8,0.4,7.8,12.2,,0.7,0.1,0.8,.090,,1.5,-2.3,-0.8,0.1
400,Omari Spellman\spellom01,PF,22,GSW,20,368,16.7,.535,.321,.290,13.2,20.5,16.8,8.4,1.8,3.3,15.0,19.9,,0.3,0.3,0.6,.072,,-0.9,-0.3,-1.2,0.1
401,Max Strus\strusma01,SG,23,CHI,2,6,30.8,.727,.333,.333,16.3,0.0,8.6,0.0,0.0,0.0,0.0,23.7,,0.0,0.0,0.0,.318,,7.1,-8.8,-1.7,0.0
402,Edmond Sumner\sumneed01,PG,24,IND,3,67,12.4,.520,.167,.278,1.7,3.3,2.5,12.0,3.6,1.3,4.7,13.6,,0.1,0.1,0.2,.134,,-1.2,1.2,0.0,0.0
403,Caleb Swanigan\swanica01,PF,22,SAC,4,11,6.4,.521,.000,1.000,10.1,32.0,20.8,0.0,4.5,16.8,51.0,23.3,,-0.1,0.0,0.0,-0.148,,-16.7,7.8,-8.8,0.0
404,Jayson Tatum\tatumja01,PF,21,BOS,19,657,17.1,.516,.348,.224,4.0,17.2,10.6,13.0,2.0,1.7,9.6,27.6,,0.3,1.1,1.4,.104,,-0.3,0.4,0.2,0.4
405,Jeff Teague\teaguje01,PG,31,MIN,15,434,16.6,.554,.274,.556,1.6,7.9,4.8,36.9,1.5,0.9,16.0,18.8,,0.9,0.3,1.3,.140,,-0.2,-2.1,-2.3,0.0
406,Garrett Temple\templga01,SG,33,BRK,20,538,11.3,.545,.725,.150,1.8,10.0,6.0,11.1,1.7,1.8,9.5,14.5,,0.5,0.5,0.9,.081,,0.0,0.1,0.1,0.3
407,Daniel Theis\theisda01,C,27,BOS,16,346,14.3,.532,.153,.318,8.0,24.5,16.2,8.1,1.1,6.5,11.0,13.3,,0.4,0.7,1.1,.151,,-2.6,4.5,1.9,0.3
408,Isaiah Thomas\thomais02,PG,30,WAS,16,390,12.7,.545,.459,.106,0.5,6.9,3.6,27.0,0.8,0.6,16.0,22.1,,0.3,-0.1,0.1,.015,,-0.1,-4.8,-4.9,-0.3
409,Khyri Thomas\thomakh01,SG,23,DET,2,6,4.0,.568,,,0.0,0.0,0.0,0.0,0.0,0.0,0.0,6.4,,0.0,0.0,0.0,.033,,-4.1,-3.1,-7.1,0.0
410,Matt Thomas\thomama02,SG,25,TOR,12,136,13.1,.727,.703,.135,0.8,8.5,4.9,4.2,1.4,0.0,9.3,13.6,,0.3,0.2,0.4,.150,,1.9,-1.2,0.7,0.1
411,Tristan Thompson\thomptr01,C,28,CLE,18,567,20.0,.544,.034,.290,13.8,21.8,17.8,12.3,1.3,3.3,10.7,19.7,,1.0,0.5,1.5,.129,,0.9,1.9,2.8,0.7
412,Matisse Thybulle\thybuma01,SG,22,PHI,19,287,8.7,.525,.531,.266,1.6,6.1,3.9,8.3,4.3,3.8,21.9,13.6,,-0.2,0.7,0.4,.074,,-2.9,3.7,0.8,0.2
413,Anthony Tolliver\tollian01,PF,34,POR,15,267,5.6,.446,.793,.190,3.5,15.4,9.5,5.2,0.5,1.9,13.7,11.4,,-0.1,0.1,0.0,.003,,-3.0,-0.3,-3.3,-0.1
414,Karl-Anthony Towns\townska01,C,24,MIN,17,563,27.9,.648,.512,.330,8.0,30.1,19.1,22.1,1.4,3.4,14.1,28.7,,1.9,0.9,2.8,.243,,6.6,2.4,9.0,1.6
415,Gary Trent\trentga02,SG,21,POR,11,93,15.0,.621,.697,.000,3.3,9.7,6.5,7.7,1.0,1.8,5.7,15.7,,0.2,0.0,0.2,.129,,2.2,-2.0,0.2,0.1
416,Allonzo Trier\trieral01,PG,24,NYK,9,124,14.6,.690,.579,.632,0.8,11.8,6.0,17.0,0.8,2.4,23.6,21.9,,0.2,0.0,0.2,.091,,0.3,-2.6,-2.3,0.0
417,P.J. Tucker\tuckepj01,PF,34,HOU,19,659,12.2,.696,.624,.144,4.4,13.6,9.0,5.5,1.9,1.2,11.9,9.3,,1.2,0.6,1.8,.134,,1.5,1.4,2.9,0.8
418,Evan Turner\turneev01,PG,31,ATL,12,154,8.8,.442,.082,.245,3.6,14.5,9.0,21.5,2.1,3.6,23.8,19.2,,-0.3,0.1,-0.2,-0.062,,-6.2,0.3,-5.9,-0.2
419,Myles Turner\turnemy01,C,23,IND,11,342,13.2,.555,.421,.196,5.2,16.1,10.7,4.3,0.8,6.9,14.0,17.0,,0.1,0.6,0.7,.099,,-1.9,3.2,1.3,0.3
420,Jonas Valančiūnas\valanjo01,C,27,MEM,18,444,19.7,.608,.161,.177,11.0,31.1,21.0,12.1,0.5,3.1,16.3,22.3,,0.6,0.4,1.0,.112,,0.0,0.2,0.2,0.3
421,Denzel Valentine\valende01,SF,26,CHI,6,42,16.5,.523,.636,.000,4.7,20.7,12.3,12.2,1.1,2.2,4.3,22.6,,0.0,0.0,0.1,.101,,0.5,-1.4,-1.0,0.0
422,Jarred Vanderbilt\vandeja01,SF,20,DEN,3,9,0.5,,,,0.0,23.6,11.7,13.4,0.0,0.0,100.0,4.8,,0.0,0.0,0.0,-0.041,,-10.9,2.9,-8.0,0.0
423,Fred VanVleet\vanvlfr01,PG,25,TOR,19,712,17.3,.562,.468,.302,0.6,9.6,5.4,29.3,2.5,0.3,13.2,21.8,,1.4,1.1,2.5,.171,,2.5,0.3,2.8,0.9
424,Noah Vonleh\vonleno01,C,24,MIN,14,177,12.4,.555,.233,.442,9.8,19.3,14.6,11.8,1.0,1.3,20.2,14.8,,0.2,0.2,0.3,.092,,-2.9,0.6,-2.3,0.0
425,Nikola Vučević\vucevni01,C,29,ORL,14,431,22.3,.524,.237,.185,9.7,30.6,19.8,20.5,1.0,3.1,8.1,24.9,,0.7,0.8,1.5,.169,,1.5,2.8,4.3,0.7
426,Dean Wade\wadede01,PF,23,CLE,3,18,6.6,.750,.500,.000,0.0,12.2,6.0,0.0,2.7,0.0,0.0,4.8,,0.0,0.0,0.0,.087,,-2.2,-1.1,-3.3,0.0
427,Moritz Wagner\wagnemo01,C,22,WAS,17,329,19.6,.708,.338,.246,8.3,23.6,15.7,10.0,1.7,3.0,21.7,22.7,,0.6,0.2,0.8,.111,,1.9,-0.3,1.5,0.3
428,Kemba Walker\walkeke02,PG,29,BOS,18,582,20.7,.558,.508,.277,3.7,11.4,7.5,25.1,1.3,1.3,10.1,28.1,,1.4,0.7,2.1,.170,,4.6,-0.9,3.6,0.8
429,Lonnie Walker\walkelo01,SG,21,SAS,14,81,8.8,.416,.179,.179,5.1,12.2,8.6,11.0,0.6,1.0,6.7,23.6,,-0.1,0.0,-0.1,-0.074,,-5.0,-4.2,-9.2,-0.1
430,Tyrone Wallace\wallaty01,SG,25,ATL,12,146,4.8,.404,.333,.405,2.3,14.5,8.4,11.4,1.6,0.6,15.4,16.6,,-0.2,0.0,-0.2,-0.073,,-5.9,-2.2,-8.1,-0.2
431,Taurean Waller-Prince\princta02,SF,25,BRK,20,605,10.1,.527,.600,.115,3.2,17.1,10.3,9.2,1.2,1.1,15.1,19.9,,-0.2,0.5,0.3,.025,,-1.8,-0.6,-2.4,-0.1
432,Derrick Walton\waltode01,PG,24,LAC,5,19,7.0,.833,.667,.000,0.0,0.0,0.0,13.9,0.0,0.0,25.0,8.6,,0.0,0.0,0.0,.095,,-1.7,-5.5,-7.3,0.0
433,Brad Wanamaker\wanambr01,PG,30,BOS,19,330,17.8,.643,.258,.484,2.8,10.3,6.5,23.3,2.0,1.1,16.3,17.2,,0.9,0.5,1.3,.191,,1.1,0.0,1.1,0.3
434,T.J. Warren\warretj01,SF,26,IND,19,636,14.9,.568,.204,.172,2.4,8.8,5.6,4.8,1.7,0.8,8.3,22.1,,0.7,0.8,1.5,.112,,-0.5,-0.7,-1.1,0.1
435,PJ Washington\washipj01,PF,21,CHO,21,589,15.1,.593,.339,.243,3.4,17.6,10.1,8.7,2.1,2.4,10.7,17.2,,0.7,0.4,1.1,.090,,-0.3,0.3,0.1,0.3
436,Yuta Watanabe\watanyu01,SG,25,MEM,1,3,49.5,1.000,.000,.000,0.0,35.5,17.5,0.0,0.0,0.0,0.0,27.6,,0.0,0.0,0.0,.446,,10.3,-10.7,-0.4,0.0
437,Tremont Waters\watertr01,PG,22,BOS,1,20,10.8,.444,.714,.286,0.0,10.3,5.1,20.5,2.4,9.4,20.2,20.9,,0.0,0.0,0.0,.021,,-4.6,3.8,-0.8,0.0
438,Russell Westbrook\westbru01,PG,31,HOU,17,565,17.6,.505,.278,.333,4.2,19.3,11.8,34.3,2.0,0.8,16.4,31.9,,0.2,0.6,0.9,.073,,-0.5,0.7,0.2,0.3
439,Coby White\whiteco01,SG,19,CHI,20,507,10.5,.474,.480,.152,1.0,13.9,7.1,13.5,1.6,0.0,9.6,24.6,,-0.4,0.4,0.0,.001,,-2.6,-1.8,-4.4,-0.3
440,Derrick White\whitede01,SG,25,SAS,19,454,14.4,.584,.319,.362,2.3,8.5,5.3,17.3,0.9,2.6,12.3,17.4,,0.8,0.1,0.8,.088,,0.5,-1.8,-1.3,0.1
441,Hassan Whiteside\whiteha01,C,30,POR,17,469,23.8,.620,.000,.354,13.6,31.8,22.8,5.3,0.7,6.6,14.4,21.0,,1.1,0.7,1.9,.192,,-0.8,1.9,1.1,0.4
442,Andrew Wiggins\wiggian01,SF,24,MIN,16,559,19.8,.545,.321,.257,3.5,12.2,7.9,17.9,0.9,2.7,7.6,28.7,,0.9,0.5,1.4,.118,,1.4,-0.9,0.6,0.4
443,Grant Williams\willigr01,PF,21,BOS,18,267,3.6,.330,.407,.278,5.0,10.5,7.7,7.2,1.4,4.2,18.8,11.8,,-0.5,0.4,-0.1,-0.016,,-6.1,2.9,-3.3,-0.1
444,Kenrich Williams\willike04,PF,25,NOP,19,470,11.1,.533,.626,.209,7.2,18.7,12.8,9.2,1.8,2.6,13.1,10.0,,0.5,0.3,0.8,.079,,-0.2,1.7,1.5,0.4
445,Lou Williams\willilo02,SG,33,LAC,21,664,19.6,.564,.308,.444,1.9,8.9,5.5,30.9,0.8,0.4,14.2,28.9,,1.5,0.6,2.1,.151,,2.2,-1.8,0.4,0.4
446,Marvin Williams\willima02,PF,33,CHO,21,412,13.1,.636,.605,.158,2.5,13.5,7.7,6.9,1.5,1.3,9.6,14.2,,0.6,0.1,0.8,.089,,0.5,-1.5,-0.9,0.1
447,Robert Williams\williro04,C,22,BOS,17,237,19.8,.706,.000,.267,8.2,24.0,16.1,12.7,3.2,7.9,24.1,11.8,,0.4,0.6,1.0,.209,,-0.9,7.8,6.9,0.5
448,Nigel Williams-Goss\willini01,PG,25,UTA,5,15,-3.7,.205,.250,.500,7.5,6.8,7.1,8.5,0.0,0.0,17.0,17.0,,-0.1,0.0,-0.1,-0.175,,-10.3,-1.6,-11.9,0.0
449,D.J. Wilson\wilsodj01,PF,23,MIL,8,78,10.3,.517,.759,.000,3.9,13.3,8.8,13.6,0.0,1.1,12.1,17.3,,0.0,0.1,0.1,.074,,-0.8,-1.9,-2.8,0.0
450,Justise Winslow\winslju01,SF,23,MIA,8,271,9.1,.437,.210,.250,5.8,16.7,11.5,19.1,1.2,1.1,15.3,20.7,,-0.2,0.4,0.2,.027,,-4.2,1.0,-3.2,-0.1
451,Christian Wood\woodch01,PF,24,DET,18,264,26.0,.695,.276,.429,9.3,25.6,17.6,5.1,1.1,5.7,10.7,21.5,,0.9,0.4,1.2,.223,,1.9,0.0,1.9,0.3
452,Delon Wright\wrighde01,SG,27,DAL,19,421,18.3,.586,.286,.269,4.0,12.4,8.3,21.4,2.7,1.2,9.5,14.7,,1.1,0.5,1.6,.186,,2.0,1.4,3.3,0.6
453,Thaddeus Young\youngth01,PF,31,CHI,20,429,11.9,.476,.391,.155,8.2,13.9,10.9,12.1,2.3,1.3,14.7,21.0,,-0.3,0.5,0.2,.022,,-2.4,0.7,-1.7,0.0
454,Trae Young\youngtr01,PG,21,ATL,19,655,24.5,.598,.433,.371,1.5,12.1,6.8,44.1,1.9,0.1,17.1,34.4,,1.6,0.1,1.7,.122,,7.6,-3.2,4.4,1.1
455,Cody Zeller\zelleco01,C,27,CHO,18,437,17.5,.577,.216,.314,13.1,23.4,18.0,8.1,1.0,1.2,13.0,19.8,,0.7,0.2,0.9,.101,,-0.1,-1.5,-1.6,0.0
456,Ante Žižić\zizican01,C,23,CLE,5,67,13.4,.594,.000,.278,7.9,16.4,12.1,0.0,0.7,1.3,4.7,13.5,,0.1,0.0,0.1,.106,,-3.3,-4.2,-7.6,-0.1
457,Ivica Zubac\zubaciv01,C,22,LAC,21,338,23.2,.655,.009,.432,14.9,26.6,20.9,8.0,0.6,5.8,12.6,18.2,,1.2,0.6,1.8,.256,,0.8,3.0,3.9,0.5