Rk,Player,Pos,Age,Tm,G,GS,MP,FG,FGA,FG%,3P,3PA,3P%,2P,2PA,2P%,eFG%,FT,FTA,FT%,ORB,DRB,TRB,AST,STL,BLK,TOV,PF,PTS
1,Arron Afflalo\afflaar01,SG,24,DEN,82,75,27.1,3.3,7.1,0.465,1.3,3,0.434,2,4.1,0.488,0.557,0.9,1.2,0.735,0.7,2.4,3.1,1.7,0.6,0.4,0.9,2.7,8.8
2,Alexis Ajinça\ajincal01,C,21,CHA,6,0,5,0.8,1.7,0.5,0,0,,0.8,1.7,0.5,0.5,0,0.2,0,0.2,0.5,0.7,0,0.2,0.2,0.3,0.8,1.7
3,LaMarcus Aldridge\aldrila01,PF,24,POR,78,78,37.5,7.4,15,0.495,0.1,0.2,0.313,7.4,14.8,0.498,0.497,2.9,3.9,0.757,2.5,5.6,8,2.1,0.9,0.6,1.3,3,17.9
4,Joe Alexander\alexajo01,SF,23,CHI,8,0,3.6,0.1,0.8,0.167,0,0.1,0,0.1,0.6,0.2,0.167,0.3,0.4,0.667,0.3,0.4,0.6,0.3,0.1,0.1,0,1.1,0.5
5,Malik Allen\allenma01,PF,31,DEN,51,3,8.9,0.9,2.3,0.397,0,0.1,0.167,0.9,2.2,0.409,0.401,0.2,0.3,0.923,0.7,0.9,1.6,0.3,0.2,0.1,0.4,1.3,2.1
6,Ray Allen*\allenra02,SG,34,BOS,80,80,35.2,5.8,12.2,0.477,1.8,5,0.363,4,7.2,0.556,0.551,2.9,3.2,0.913,0.6,2.6,3.2,2.6,0.8,0.3,1.6,2.3,16.3
7,Tony Allen\allento01,SG,28,BOS,54,8,16.5,2.4,4.7,0.51,0,0.1,0,2.4,4.6,0.52,0.51,1.3,2.2,0.605,1,1.7,2.7,1.3,1.1,0.4,1.2,2,6.1
8,Rafer Alston\alstora01,PG,33,TOT,52,38,27.3,3,8.6,0.348,1.1,3.2,0.345,1.9,5.3,0.349,0.413,1.1,1.6,0.728,0.3,2.2,2.5,3.4,1,0.2,1.8,2,8.2
8,Rafer Alston\alstora01,PG,33,NJN,27,13,28.4,3.5,10.3,0.343,1,3.2,0.322,2.5,7,0.353,0.394,1.6,2,0.815,0.3,2.4,2.8,3.9,1,0.2,2.3,1.9,9.7
8,Rafer Alston\alstora01,PG,33,MIA,25,25,26.2,2.4,6.8,0.355,1.2,3.2,0.37,1.2,3.5,0.341,0.444,0.6,1.1,0.556,0.2,2,2.2,2.9,0.9,0.2,1.4,2.1,6.6
9,Lou Amundson\amundlo01,PF,27,PHO,79,0,14.8,1.9,3.5,0.551,0,0,0,1.9,3.5,0.553,0.551,0.8,1.6,0.545,1.6,2.8,4.4,0.4,0.3,0.9,0.7,2.1,4.7
10,Chris Andersen\anderch01,PF,31,DEN,76,0,22.3,1.9,3.3,0.566,0,0,0,1.9,3.3,0.573,0.566,2.2,3.1,0.695,1.9,4.4,6.4,0.4,0.6,1.9,0.8,2.3,5.9
11,David Andersen\anderda03,C,29,HOU,63,0,14.1,2.3,5.4,0.432,0.4,1.2,0.346,1.9,4.2,0.458,0.472,0.7,1.1,0.687,0.9,2.4,3.3,0.7,0.2,0.2,0.6,1.9,5.8
12,Antonio Anderson\anderan02,SF,24,OKC,1,0,15,1,3,0.333,0,0,,1,3,0.333,0.333,0,0,,1,0,1,0,0,0,1,1,2
13,Ryan Anderson\anderry01,PF,21,ORL,63,6,14.5,2.7,6.2,0.436,1.2,3.3,0.37,1.4,2.8,0.514,0.536,1.1,1.3,0.866,1.1,2.1,3.2,0.6,0.4,0.2,0.9,1.3,7.7
14,Carmelo Anthony\anthoca01,SF,25,DEN,69,69,38.2,10,21.8,0.458,0.9,2.7,0.316,9.1,19.1,0.478,0.478,7.4,8.9,0.83,2.2,4.4,6.6,3.2,1.3,0.4,3,3.3,28.2
15,Joel Anthony\anthojo01,C,27,MIA,80,16,16.5,1,2,0.478,0,0,,1,2,0.478,0.478,0.8,1.2,0.717,1.5,1.6,3.1,0.2,0.3,1.4,0.6,2,2.7
16,Gilbert Arenas\arenagi01,PG,28,WAS,32,32,36.5,7.9,19.3,0.411,2,5.7,0.348,5.9,13.6,0.437,0.462,4.8,6.5,0.739,0.5,3.6,4.2,7.2,1.3,0.3,3.7,3,22.6
17,Trevor Ariza\arizatr01,SF,24,HOU,72,71,36.5,5.5,13.9,0.394,1.9,5.7,0.334,3.6,8.2,0.436,0.462,2.1,3.2,0.649,1.1,4.5,5.6,3.8,1.8,0.6,2.2,2.3,14.9
18,Hilton Armstrong\armsthi01,PF-C,25,TOT,33,0,10.2,0.8,2.4,0.354,0,0,0,0.8,2.4,0.359,0.354,0.5,1,0.469,0.8,1.6,2.5,0.6,0.5,0.4,0.7,1.8,2.2
18,Hilton Armstrong\armsthi01,PF,25,NOH,18,0,13.3,1.1,2.8,0.38,0,0,,1.1,2.8,0.38,0.38,0.7,1.6,0.464,0.9,2.4,3.4,0.9,0.4,0.4,0.7,2.4,2.8
18,Hilton Armstrong\armsthi01,C,25,SAC,6,0,9.3,0.7,2,0.333,0,0,,0.7,2,0.333,0.333,0.3,0.3,1,0.8,1.5,2.3,0.3,0.3,0.7,0.7,0.8,1.7
18,Hilton Armstrong\armsthi01,C,25,HOU,9,0,4.4,0.6,1.9,0.294,0,0.1,0,0.6,1.8,0.313,0.294,0,0.2,0,0.6,0.1,0.7,0.3,0.6,0,0.6,1.1,1.1
19,Carlos Arroyo\arroyca01,PG,30,MIA,72,35,22,2.5,5.2,0.475,0.1,0.3,0.28,2.4,4.9,0.489,0.484,1.1,1.3,0.844,0.4,1.4,1.8,3.1,0.5,0.1,0.8,1.4,6.1
20,Darrell Arthur\arthuda01,PF,21,MEM,32,1,14.3,2,4.6,0.432,0,0,0,2,4.5,0.434,0.432,0.5,0.9,0.567,1.2,2.3,3.4,0.5,0.4,0.4,0.7,1.9,4.5
21,Chucky Atkins\atkinch01,PG,35,DET,40,11,16.1,1.4,3.9,0.363,0.6,1.8,0.301,0.9,2.1,0.417,0.433,0.6,0.7,0.926,0.1,0.6,0.7,2.3,0.4,0,0.8,1.3,4
22,D.J. Augustin\augusdj01,PG,22,CHA,80,2,18.4,2.1,5.4,0.386,0.9,2.2,0.393,1.2,3.2,0.381,0.467,1.3,1.6,0.779,0.1,1.1,1.2,2.4,0.6,0.1,0.9,1.6,6.4
23,Jeff Ayres\pendeje02,C,22,POR,39,4,10.4,1.1,1.7,0.662,0,0,,1.1,1.7,0.662,0.662,0.5,0.5,0.9,0.6,1.9,2.5,0,0.2,0.4,0.3,1.9,2.7
24,Kelenna Azubuike\azubuke01,SF,26,GSW,9,7,25.7,5.3,9.8,0.545,1.1,3,0.37,4.2,6.8,0.623,0.602,2.1,3.1,0.679,1.3,3.2,4.6,1.1,0.6,1,0.8,1.8,13.9
25,Renaldo Balkman\balkmre01,SF,25,DEN,13,1,7,0.5,1.4,0.333,0,0.5,0,0.5,0.8,0.545,0.333,0.2,0.5,0.333,0.3,1.5,1.8,0.5,0.6,0.2,0.5,1.2,1.1
26,Marcus Banks\banksma01,PG,28,TOR,22,0,11.1,1.8,3.3,0.534,0.3,1.1,0.292,1.5,2.2,0.653,0.582,1.1,1.3,0.828,0.1,0.9,1,1.2,0.5,0.1,0.9,1.4,5
27,Leandro Barbosa\barbole01,PG,27,PHO,44,5,17.9,3.5,8.3,0.425,1,3.1,0.324,2.5,5.2,0.485,0.485,1.5,1.7,0.877,0.3,1.3,1.6,1.5,0.5,0.3,1,1.6,9.5
28,J.J. Barea\bareajo01,PG,25,DAL,78,18,19.8,3,6.8,0.44,0.7,2,0.357,2.3,4.7,0.476,0.493,1,1.2,0.844,0.2,1.7,1.9,3.3,0.4,0.1,1.3,1.5,7.6
29,Andrea Bargnani\bargnan01,PF,24,TOR,80,80,35,6.7,14.3,0.47,1.5,4.1,0.372,5.2,10.2,0.509,0.523,2.3,2.9,0.774,1.3,4.9,6.2,1.2,0.3,1.4,1.5,2.7,17.2
30,Matt Barnes\barnema02,SF,29,ORL,81,58,25.9,3.3,6.9,0.487,0.8,2.6,0.319,2.5,4.3,0.586,0.546,1.3,1.8,0.74,1.3,4.2,5.5,1.7,0.7,0.4,1.4,2.3,8.8
31,Earl Barron\barroea01,C,28,NYK,7,6,33.1,4.3,9.7,0.441,0,0,,4.3,9.7,0.441,0.441,3.1,4.1,0.759,4.4,6.6,11,1.1,0.6,0.6,1.6,3.4,11.7
32,Brandon Bass\bassbr01,PF,24,ORL,50,3,13,2.4,4.7,0.511,0,0,,2.4,4.7,0.511,0.511,1,1.3,0.825,1.1,1.5,2.5,0.4,0.2,0.5,0.6,1.4,5.8
33,Tony Battie\battito01,C,33,NJN,15,0,8.9,0.9,2.7,0.35,0.1,0.3,0.25,0.9,2.4,0.361,0.363,0.5,0.7,0.7,0.3,1.3,1.5,0.2,0.3,0.1,0.2,1.3,2.4
34,Shane Battier\battish01,SG,31,HOU,67,62,32.4,2.7,6.7,0.398,1.5,4.2,0.362,1.1,2.5,0.458,0.511,1.1,1.6,0.726,1.1,3.6,4.7,2.4,0.8,1.1,1,2.1,8
35,Nicolas Batum\batumni01,SF,21,POR,37,25,24.8,3.8,7.2,0.519,1.5,3.6,0.409,2.3,3.7,0.625,0.619,1.2,1.4,0.843,0.9,2.9,3.8,1.2,0.6,0.7,0.7,2.2,10.1
36,Jerryd Bayless\bayleje01,SG,21,POR,74,11,17.6,2.7,6.5,0.414,0.4,1.2,0.315,2.3,5.3,0.437,0.444,2.7,3.3,0.831,0.2,1.4,1.6,2.3,0.4,0.1,1.3,2.1,8.5
37,Michael Beasley\beaslmi01,PF,21,MIA,78,78,29.8,6,13.3,0.45,0.4,1.3,0.275,5.6,12,0.469,0.463,2.5,3.1,0.8,1.6,4.8,6.4,1.3,1,0.6,1.7,2.8,14.8
38,Rodrigue Beaubois\beaubro01,PG,21,DAL,56,16,12.5,2.8,5.3,0.518,0.8,2,0.409,2,3.4,0.582,0.594,0.8,0.9,0.808,0.2,1.2,1.4,1.3,0.5,0.2,1,1.5,7.1
39,Marco Belinelli\belinma01,SG,23,TOR,66,1,17,2.3,5.7,0.406,0.9,2.4,0.38,1.4,3.3,0.425,0.485,1.5,1.8,0.835,0.2,1.2,1.4,1.3,0.6,0.1,0.9,1.2,7.1
40,Charlie Bell\bellch01,SG,30,MIL,71,39,22.7,2.4,6.2,0.381,1,2.8,0.365,1.4,3.4,0.395,0.464,0.7,0.9,0.716,0.4,1.4,1.9,1.5,0.5,0.2,0.8,1.9,6.5
41,Raja Bell\bellra01,SG,33,TOT,6,5,30,4.7,10.2,0.459,2,4.5,0.444,2.7,5.7,0.471,0.557,0.5,0.5,1,0.8,3,3.8,2.2,0.7,0.3,0.8,2.5,11.8
41,Raja Bell\bellra01,SG,33,CHA,5,5,31.4,4.8,11,0.436,1.8,4.8,0.375,3,6.2,0.484,0.518,0.6,0.6,1,1,3.2,4.2,2,0.8,0.4,1,2.6,12
41,Raja Bell\bellra01,SG,33,GSW,1,0,23,4,6,0.667,3,3,1,1,3,0.333,0.917,0,0,,0,2,2,3,0,0,0,2,11
42,Jonathan Bender\bendejo01,SF,29,NYK,25,1,11.7,1.6,4,0.4,0.6,1.6,0.359,1,2.4,0.426,0.47,1,1,0.923,0.6,1.5,2.1,0.6,0.1,0.7,1.1,1.3,4.7
43,Mike Bibby\bibbymi01,PG,31,ATL,80,80,27.4,3.4,8.1,0.416,1.6,4.1,0.389,1.8,4,0.444,0.514,0.9,1,0.861,0.3,2.1,2.3,3.9,0.8,0,1.1,2,9.1
44,Andris Biedriņš\biedran01,C,23,GSW,33,29,23.1,2.5,4.2,0.591,0,0,,2.5,4.2,0.591,0.591,0.1,0.8,0.16,1.9,5.9,7.8,1.7,0.6,1.3,1,3.5,5
45,Chauncey Billups\billuch01,PG,33,DEN,73,73,34.1,5.5,13.2,0.418,2.2,5.6,0.386,3.4,7.6,0.441,0.499,6.4,7,0.91,0.3,2.8,3.1,5.6,1.1,0.1,2.4,2.1,19.5
46,DeJuan Blair\blairde01,PF,20,SAS,82,23,18.2,3.4,6,0.556,0,0,0,3.4,6,0.558,0.556,1.1,2,0.547,2.4,4,6.4,0.8,0.6,0.5,1.4,2.7,7.8
47,Steve Blake\blakest01,PG,29,TOT,80,38,27,2.7,6.5,0.416,1.5,3.7,0.395,1.3,2.9,0.443,0.527,0.5,0.6,0.75,0.3,2.1,2.3,4.8,0.7,0.1,1.6,1.5,7.3
47,Steve Blake\blakest01,PG,29,POR,51,28,27.4,2.8,7,0.403,1.5,4.1,0.377,1.3,2.9,0.439,0.513,0.5,0.6,0.75,0.3,2,2.3,4,0.7,0,1.3,1.6,7.6
47,Steve Blake\blakest01,PG,29,LAC,29,10,26.3,2.6,5.8,0.443,1.3,3,0.437,1.2,2.8,0.45,0.557,0.4,0.6,0.75,0.2,2.2,2.4,6.1,0.7,0.1,2.2,1.3,6.8
48,Andray Blatche\blatcan01,PF,23,WAS,81,36,27.9,5.9,12.3,0.478,0.2,0.5,0.295,5.7,11.8,0.487,0.485,2.1,2.9,0.744,2,4.3,6.3,2.1,1,0.9,2.2,2.7,14.1
49,Keith Bogans\boganke01,SF,29,SAS,79,50,19.7,1.5,3.8,0.403,0.9,2.5,0.357,0.6,1.3,0.49,0.52,0.5,0.6,0.74,0.3,1.9,2.2,1.2,0.6,0.2,0.7,2,4.4
50,Andrew Bogut\bogutan01,C,25,MIL,69,69,32.3,6.9,13.2,0.52,0,0,0,6.9,13.2,0.521,0.52,2.2,3.4,0.629,3,7.1,10.2,1.8,0.6,2.5,1.9,3.2,15.9
51,Matt Bonner\bonnema01,PF,29,SAS,65,8,17.9,2.6,5.7,0.446,1.4,3.6,0.39,1.2,2.2,0.539,0.567,0.5,0.7,0.729,0.8,2.5,3.3,1,0.5,0.4,0.6,1.7,7
52,Josh Boone\boonejo01,PF,25,NJN,63,28,16.6,1.9,3.5,0.525,0,0,,1.9,3.5,0.525,0.525,0.3,0.9,0.328,2,3,5,0.5,0.5,0.8,0.6,1.8,4
53,Carlos Boozer\boozeca01,PF,28,UTA,78,78,34.3,7.9,14.1,0.562,0,0,,7.9,14.1,0.562,0.562,3.7,4.9,0.742,2.3,8.9,11.2,3.2,1.1,0.5,2.7,3.5,19.5
54,Chris Bosh\boshch01,C,25,TOR,70,70,36.1,8.6,16.5,0.518,0.1,0.3,0.364,8.5,16.2,0.521,0.522,6.7,8.4,0.797,2.9,7.9,10.8,2.4,0.6,1,2.4,2.4,24
55,Ryan Bowen\bowenry01,SF,34,OKC,1,0,8,1,1,1,0,0,,1,1,1,1,2,2,1,1,1,2,0,1,0,0,2,4
56,Earl Boykins\boykiea01,PG,33,WAS,67,1,16.7,2.6,6,0.427,0.3,0.9,0.317,2.3,5.1,0.446,0.45,1.1,1.3,0.865,0.3,0.9,1.1,2.6,0.4,0,1,0.7,6.6
57,Elton Brand\brandel01,PF,30,PHI,76,57,30.2,5.4,11.3,0.48,0,0,0,5.4,11.3,0.481,0.48,2.3,3.1,0.738,2.4,3.7,6.1,1.4,1.1,1.1,1.7,3.1,13.1
58,Corey Brewer\breweco01,SG,23,MIN,82,82,30.3,5,11.6,0.431,1,2.9,0.346,4,8.7,0.459,0.474,2,3.1,0.648,0.9,2.5,3.4,2.4,1.4,0.4,2,2.7,13
59,Ronnie Brewer\brewero02,SG,24,TOT,58,53,30,3.6,7.4,0.487,0.1,0.5,0.258,3.5,6.9,0.505,0.497,1.5,2.3,0.639,0.8,2.4,3.2,2.7,1.6,0.3,0.9,1.4,8.8
59,Ronnie Brewer\brewero02,SG,24,UTA,53,53,31.4,3.9,7.8,0.495,0.2,0.6,0.258,3.7,7.3,0.514,0.505,1.5,2.4,0.633,0.8,2.6,3.4,2.8,1.6,0.3,1,1.5,9.5
59,Ronnie Brewer\brewero02,SG,24,MEM,5,0,16,0.6,2.6,0.231,0,0,,0.6,2.6,0.231,0.231,0.8,1,0.8,0.2,1.2,1.4,0.6,1.2,0,0.4,0,2
60,Primož Brezec\brezepr01,C,30,TOT,21,0,4.5,0.4,1.2,0.346,0,0,,0.4,1.2,0.346,0.346,0,0.3,0.167,0.6,0.6,1.2,0,0,0.1,0.1,0.9,0.9
60,Primož Brezec\brezepr01,C,30,PHI,7,0,5.1,0.3,1.9,0.154,0,0,,0.3,1.9,0.154,0.154,0.1,0.3,0.5,0.9,0.9,1.7,0,0.1,0.1,0,1.3,0.7
60,Primož Brezec\brezepr01,C,30,MIL,14,0,4.2,0.5,0.9,0.538,0,0,,0.5,0.9,0.538,0.538,0,0.3,0,0.4,0.5,0.9,0.1,0,0.1,0.1,0.7,1
61,Jon Brockman\brockjo01,PF,22,SAC,52,4,12.6,1.1,2,0.534,0,0,,1.1,2,0.534,0.534,0.7,1.2,0.597,2,2.1,4.1,0.4,0.3,0.1,0.4,2.2,2.8
62,Aaron Brooks\brookaa01,PG,25,HOU,82,82,35.6,7,16.2,0.432,2.5,6.4,0.398,4.5,9.8,0.454,0.511,3,3.6,0.822,0.7,2,2.6,5.3,0.8,0.2,2.8,2.4,19.6
63,Bobby Brown\brownbo02,PG,25,TOT,45,0,11.5,2,5.3,0.371,0.6,2.2,0.265,1.4,3.1,0.446,0.426,0.3,0.3,0.867,0.2,0.6,0.8,2,0.3,0,1,0.9,4.8
63,Bobby Brown\brownbo02,PG,25,NOH,22,0,14.9,2.7,6.9,0.395,0.8,3,0.258,2,3.9,0.5,0.451,0.4,0.4,1,0,0.8,0.8,2.1,0.4,0,1.1,1.3,6.6
63,Bobby Brown\brownbo02,PG,25,LAC,23,0,8.3,1.2,3.7,0.329,0.4,1.4,0.281,0.8,2.3,0.358,0.382,0.2,0.3,0.714,0.3,0.5,0.9,1.8,0.3,0,1,0.6,3
64,Derrick Brown\brownde04,SF,22,CHA,57,0,9.4,1.2,2.6,0.463,0,0.1,0.286,1.2,2.5,0.471,0.469,0.8,1.3,0.667,0.5,0.8,1.4,0.3,0.4,0.2,0.3,0.9,3.3
65,Devin Brown\brownde02,SG,31,TOT,50,37,21.2,2.7,7.2,0.377,1.2,3.3,0.354,1.6,3.9,0.396,0.457,1.4,1.7,0.802,0.6,1.9,2.5,1.3,0.7,0.1,1.2,1.4,8
65,Devin Brown\brownde02,SG,31,NOH,39,37,24.8,3.3,8.3,0.394,1.4,3.8,0.367,1.9,4.6,0.416,0.477,1.8,2.2,0.802,0.7,2.1,2.8,1.5,0.8,0.1,1.5,1.6,9.7
65,Devin Brown\brownde02,SG,31,CHI,11,0,8.5,0.7,3.3,0.222,0.4,1.5,0.235,0.4,1.7,0.211,0.278,0,0,,0.2,1.2,1.4,0.6,0.3,0.1,0.5,0.9,1.8
66,Kwame Brown\brownkw01,C,27,DET,48,1,13.8,1.3,2.6,0.5,0,0,0,1.3,2.6,0.504,0.5,0.7,2,0.337,1.1,2.6,3.7,0.5,0.3,0.3,0.9,1.9,3.3
67,Shannon Brown\brownsh01,SG,24,LAL,82,7,20.7,3.1,7.2,0.427,0.8,2.3,0.328,2.3,4.9,0.474,0.48,1.2,1.5,0.818,0.4,1.9,2.2,1.3,0.7,0.4,0.8,1.6,8.1
68,Kobe Bryant\bryanko01,SG,31,LAL,73,73,38.8,9.8,21.5,0.456,1.4,4.1,0.329,8.5,17.4,0.487,0.488,6,7.4,0.811,1.1,4.3,5.4,5,1.5,0.3,3.2,2.6,27
69,Chase Budinger\budinch01,SF,21,HOU,74,4,20.1,3.4,7.6,0.441,1.2,3.4,0.369,2.1,4.3,0.497,0.522,0.9,1.2,0.77,0.5,2.5,3,1.2,0.5,0.1,0.6,1.1,8.9
70,Caron Butler\butleca01,SF-SG,29,TOT,74,74,37.6,6.1,14.2,0.428,0.6,2,0.29,5.5,12.2,0.45,0.448,3.6,4.3,0.838,1.4,4.8,6.2,2.1,1.6,0.3,2.2,2.6,16.3
70,Caron Butler\butleca01,SF,29,WAS,47,47,39.4,6.2,14.8,0.422,0.5,2,0.263,5.7,12.7,0.447,0.44,3.9,4.5,0.877,1.4,5.3,6.7,2.3,1.4,0.3,2.4,2.7,16.9
70,Caron Butler\butleca01,SG,29,DAL,27,27,34.4,5.8,13.2,0.44,0.6,1.9,0.34,5.2,11.4,0.456,0.464,2.9,3.9,0.76,1.3,4,5.4,1.8,1.8,0.3,1.7,2.5,15.2
71,Rasual Butler\butlera01,SF,30,LAC,82,64,33,4.3,10.6,0.409,1.8,5.3,0.336,2.6,5.3,0.482,0.493,1.5,1.8,0.841,0.5,2.5,2.9,1.4,0.4,0.8,1,1.5,11.9
72,Andrew Bynum\bynuman01,C,22,LAL,65,65,30.4,6,10.6,0.57,0,0,0,6,10.6,0.571,0.57,3,4,0.739,2.7,5.6,8.3,1,0.5,1.4,1.8,3,15
73,Will Bynum\bynumwi01,PG,27,DET,63,20,26.5,3.8,8.5,0.444,0.2,0.9,0.218,3.6,7.6,0.47,0.455,2.3,2.8,0.798,0.4,1.9,2.3,4.5,0.9,0.1,1.8,2.3,10
74,José Calderón\caldejo01,PG,28,TOR,68,39,26.7,4,8.4,0.482,1,2.5,0.398,3,5.8,0.519,0.542,1.2,1.5,0.798,0.3,1.8,2.1,5.9,0.7,0.1,1.5,2,10.3
75,Marcus Camby\cambyma01,PF-C,35,TOT,74,74,31.3,3.2,6.8,0.475,0,0.1,0.286,3.2,6.7,0.478,0.477,1.1,1.6,0.639,3.4,8.4,11.8,2.5,1.3,2,1.2,2.2,7.5
75,Marcus Camby\cambyma01,PF,35,LAC,51,51,31.3,3.3,7,0.466,0,0.1,0.333,3.2,6.9,0.469,0.469,1.2,1.8,0.659,3.3,8.8,12.1,3,1.4,1.9,1.3,2.1,7.7
75,Marcus Camby\cambyma01,C,35,POR,23,23,31.2,3.1,6.3,0.497,0,0,0,3.1,6.3,0.5,0.497,0.8,1.3,0.581,3.6,7.5,11.1,1.5,1.1,2,1.2,2.4,7
76,Brian Cardinal\cardibr01,PF,32,MIN,29,0,9.2,0.5,1.2,0.389,0.1,0.3,0.333,0.4,0.9,0.407,0.431,0.6,0.6,0.944,0.2,0.8,1,0.8,0.3,0.1,0.2,1.9,1.7
77,Rodney Carney\carnero01,SG,25,PHI,68,0,12.6,1.7,4.1,0.401,0.6,2,0.304,1.1,2.2,0.49,0.473,0.8,0.9,0.825,0.4,1.6,2,0.5,0.4,0.3,0.3,1.2,4.7
78,DeMarre Carroll\carrode01,SF,23,MEM,71,1,11.2,1.2,3.1,0.396,0,0.1,0,1.2,3,0.407,0.396,0.5,0.7,0.623,0.7,1.4,2.1,0.5,0.4,0.1,0.3,1.5,2.9
79,Matt Carroll\carroma01,SG,29,DAL,25,0,4.8,0.7,2,0.36,0.2,0.8,0.211,0.6,1.2,0.452,0.4,0.2,0.2,1,0.2,0.3,0.5,0.2,0.2,0,0.3,0.5,1.8
80,Anthony Carter\cartean01,PG,34,DEN,54,7,15.9,1.4,3.4,0.42,0.3,1.2,0.27,1.1,2.2,0.5,0.467,0.2,0.2,0.846,0.3,1.3,1.6,3,0.7,0.2,1.1,1.3,3.3
81,Vince Carter\cartevi01,SG,33,ORL,75,74,30.8,5.8,13.5,0.428,1.6,4.3,0.367,4.2,9.2,0.456,0.486,3.4,4.1,0.84,0.4,3.5,3.9,3.1,0.7,0.2,1.4,2.5,16.6
82,Omri Casspi\casspom01,SF,21,SAC,77,31,25.1,3.9,8.7,0.446,1,2.6,0.369,2.9,6.1,0.48,0.502,1.5,2.3,0.672,1,3.6,4.5,1.2,0.7,0.2,1.3,1.6,10.3
83,Mario Chalmers\chalmma01,PG,23,MIA,73,22,24.8,2.5,6.2,0.401,1,3.2,0.318,1.5,3,0.491,0.483,1.1,1.5,0.745,0.3,1.5,1.8,3.4,1.2,0.2,1.7,2.4,7.1
84,Tyson Chandler\chandty01,C,27,CHA,51,27,22.8,2.1,3.7,0.574,0,0,,2.1,3.7,0.574,0.574,2.3,3.1,0.732,2.2,4,6.3,0.3,0.3,1.1,1.8,2.7,6.5
85,Wilson Chandler\chandwi01,SG,22,NYK,65,64,35.7,6.3,13.2,0.479,0.6,2.3,0.267,5.7,10.9,0.524,0.502,2,2.5,0.806,1.4,3.9,5.4,2.1,0.7,0.8,1.7,2.8,15.3
86,Earl Clark\clarkea01,PF,22,PHO,51,0,7.5,1.1,3,0.371,0,0.1,0.4,1.1,2.9,0.37,0.377,0.5,0.7,0.722,0.4,0.9,1.2,0.4,0.1,0.3,0.5,0.5,2.7
87,Jarron Collins\collija03,C,31,PHO,34,10,7.7,0.4,0.9,0.387,0,0,,0.4,0.9,0.387,0.387,0.3,0.7,0.4,0.6,1.2,1.8,0.2,0.1,0.1,0.3,1.2,1
88,Jason Collins\collija04,C,31,ATL,24,0,4.8,0.3,1,0.348,0,0,0,0.3,0.9,0.364,0.348,0,0.1,0,0.2,0.4,0.6,0.2,0.1,0.1,0.2,0.9,0.7
89,Mardy Collins\collima01,SG,25,LAC,43,0,10.9,1.1,3,0.367,0.1,0.4,0.235,1,2.6,0.387,0.383,0.3,0.5,0.619,0.3,0.9,1.2,1,0.5,0,0.7,1,2.6
90,Darren Collison\collida01,PG,22,NOH,76,37,27.8,4.9,10.4,0.477,0.6,1.5,0.4,4.3,8.9,0.49,0.506,1.9,2.3,0.851,0.5,2,2.5,5.7,1,0.1,2.7,1.2,12.4
91,Nick Collison\collini01,C,29,OKC,75,5,20.8,2.4,4.1,0.589,0,0.1,0.25,2.4,4.1,0.593,0.591,1,1.4,0.692,2,3.1,5.1,0.5,0.5,0.6,0.8,3.1,5.9
92,Mike Conley\conlemi01,PG,22,MEM,80,80,32.1,4.6,10.4,0.445,1,2.7,0.387,3.6,7.7,0.464,0.494,1.7,2.3,0.743,0.4,2,2.4,5.3,1.4,0.2,2.1,2.2,12
93,Will Conroy\conrowi01,PG,27,HOU,5,0,7.2,0.6,2,0.3,0,0.6,0,0.6,1.4,0.429,0.3,0,0.4,0,0,0.6,0.6,1.4,0,0,0.8,1,1.2
94,Brian Cook\cookbr01,PF,29,HOU,15,0,2.9,0.5,1.5,0.304,0.1,0.6,0.222,0.3,0.9,0.357,0.348,0.3,0.5,0.714,0.1,0.5,0.6,0.1,0,0.1,0.4,0.3,1.4
95,Daequan Cook\cookda02,SG,22,MIA,45,3,15.4,1.8,5.6,0.32,0.9,2.8,0.317,0.9,2.8,0.323,0.399,0.5,0.6,0.84,0.2,1.6,1.8,1,0.3,0.2,0.5,1.1,5
96,Jamal Crawford\crawfja01,SG,29,ATL,79,0,31.1,6.3,14,0.449,2.1,5.4,0.382,4.2,8.6,0.491,0.523,3.4,4,0.857,0.4,2.1,2.5,3,0.8,0.2,1.7,1.7,18
97,Dante Cunningham\cunnida01,PF,22,POR,63,2,11.2,1.7,3.4,0.495,0,0,0,1.7,3.4,0.5,0.495,0.5,0.8,0.646,0.9,1.7,2.5,0.2,0.4,0.3,0.2,1.5,3.9
98,Eddy Curry\curryed01,C,27,NYK,7,0,8.9,1.1,3,0.381,0,0,,1.1,3,0.381,0.381,1.4,2.4,0.588,0.6,1.3,1.9,0,0,0.1,1.9,1.9,3.7
99,JamesOn Curry\curryja01,PG,24,LAC,1,0,0,0,0,,0,0,,0,0,,,0,0,,0,0,0,0,0,0,0,0,0
100,Stephen Curry\curryst01,PG,21,GSW,80,77,36.2,6.6,14.3,0.462,2.1,4.8,0.437,4.5,9.5,0.474,0.535,2.2,2.5,0.885,0.6,3.9,4.5,5.9,1.9,0.2,3,3.2,17.5
101,Samuel Dalembert\dalemsa01,C,28,PHI,82,80,25.9,3.5,6.4,0.545,0,0,,3.5,6.4,0.545,0.545,1.2,1.6,0.729,2.9,6.6,9.6,0.8,0.5,1.8,1.5,3.1,8.1
102,Erick Dampier\dampier01,C,34,DAL,55,47,23.3,2.4,3.9,0.624,0,0.1,0.333,2.4,3.8,0.629,0.627,1.1,1.8,0.604,2.3,4.9,7.3,0.6,0.3,1.4,1.1,2.8,6
103,Marquis Daniels\daniema01,SF,29,BOS,51,4,18.4,2.4,4.9,0.498,0.1,0.5,0.214,2.3,4.3,0.534,0.51,0.7,1.1,0.607,0.5,1.3,1.9,1.3,0.5,0.1,0.8,1.8,5.6
104,Baron Davis\davisba01,PG,30,LAC,75,73,33.6,5.5,13.5,0.406,1.1,3.9,0.277,4.4,9.6,0.459,0.446,3.2,3.9,0.821,0.7,2.9,3.5,8,1.7,0.6,2.8,2.8,15.3
105,Glen Davis\davisgl01,PF,24,BOS,54,1,17.3,2.3,5.2,0.437,0,0.1,0,2.3,5.1,0.444,0.437,1.8,2.6,0.696,1.9,1.9,3.8,0.6,0.4,0.3,1,2.4,6.3
106,Paul Davis\davispa01,PF,25,WAS,2,0,4,1,2,0.5,0,0,,1,2,0.5,0.5,0.5,1,0.5,0,0,0,1.5,0,0.5,0,0,2.5
107,Ricky Davis\davisri01,SF,30,LAC,36,2,13.9,1.7,4,0.434,0.4,1.2,0.381,1.3,2.8,0.455,0.49,0.5,0.9,0.581,0.3,1.3,1.6,1.1,0.3,0.1,0.8,1.1,4.4
108,Austin Daye\dayeau01,SF,21,DET,69,4,13.3,2,4.3,0.464,0.4,1.4,0.305,1.6,2.9,0.54,0.514,0.7,0.8,0.821,0.5,2,2.5,0.5,0.4,0.4,0.7,1.7,5.1
109,Carlos Delfino\delfica01,SF,27,MIL,75,66,30.4,4,9.8,0.408,1.8,4.9,0.367,2.2,4.9,0.45,0.5,1.2,1.6,0.782,0.7,4.6,5.3,2.7,1.1,0.3,1.6,1.8,11
110,Luol Deng\denglu01,SF,24,CHI,70,69,37.9,6.8,14.5,0.466,0.5,1.2,0.386,6.3,13.3,0.474,0.482,3.6,4.7,0.764,1.9,5.4,7.3,2,0.9,0.9,1.9,1.8,17.6
111,DeMar DeRozan\derozde01,SG,20,TOR,77,65,21.6,3.3,6.6,0.498,0.1,0.2,0.25,3.3,6.4,0.506,0.502,1.9,2.5,0.763,0.9,2,2.9,0.7,0.6,0.2,0.8,2.3,8.6
112,Boris Diaw\diawbo01,PF,27,CHA,82,82,35.4,4.5,9.4,0.483,0.8,2.5,0.32,3.7,6.9,0.541,0.525,1.4,1.8,0.769,1.6,3.6,5.2,4,0.7,0.7,2.2,2.7,11.3
113,Yakhouba Diawara\diawaya01,SG,27,MIA,6,2,7.3,0.3,1.7,0.2,0.2,1,0.167,0.2,0.7,0.25,0.25,0,0,,0.2,0.5,0.7,0.5,0.2,0,0.5,1.3,0.8
114,Travis Diener\dienetr01,PG,27,TOT,9,0,5.7,0.2,1.1,0.2,0.1,0.8,0.143,0.1,0.3,0.333,0.25,0.1,0.4,0.25,0,0.3,0.3,0.9,0.4,0,0,0.2,0.7
114,Travis Diener\dienetr01,PG,27,IND,4,0,6.3,0.3,1.5,0.167,0.3,1.3,0.2,0,0.3,0,0.25,0,0.5,0,0,0.5,0.5,1,0.8,0,0,0.3,0.8
114,Travis Diener\dienetr01,PG,27,POR,5,0,5.2,0.2,0.8,0.25,0,0.4,0,0.2,0.4,0.5,0.25,0.2,0.4,0.5,0,0.2,0.2,0.8,0.2,0,0,0.2,0.6
115,DeSagana Diop\diopde01,C,28,CHA,27,0,9.7,0.6,1.1,0.517,0,0,,0.6,1.1,0.517,0.517,0.1,0.3,0.222,0.9,1.5,2.4,0.2,0.2,0.5,0.4,1.1,1.2
116,Keyon Dooling\doolike01,PG,29,NJN,53,8,18.3,2.4,6.1,0.398,1.1,3,0.376,1.3,3.2,0.419,0.489,0.9,1.2,0.77,0.2,0.9,1,2.5,0.6,0,1.1,1.5,6.9
117,Joey Dorsey\dorsejo01,PF,26,TOT,15,0,7.1,0.6,1.3,0.45,0,0,,0.6,1.3,0.45,0.45,0.3,0.8,0.417,1.1,1.8,2.9,0.1,0.2,0.1,0.4,1.4,1.5
117,Joey Dorsey\dorsejo01,PF,26,HOU,7,0,7.7,0.7,1.6,0.455,0,0,,0.7,1.6,0.455,0.455,0.1,0.3,0.5,1.6,2,3.6,0.3,0.3,0.1,0.6,1.7,1.6
117,Joey Dorsey\dorsejo01,PF,26,SAC,8,0,6.5,0.5,1.1,0.444,0,0,,0.5,1.1,0.444,0.444,0.5,1.3,0.4,0.6,1.6,2.3,0,0.1,0.1,0.3,1.1,1.5
118,Toney Douglas\douglto01,PG,23,NYK,56,12,19.4,3.2,7,0.458,1.2,3.1,0.389,2,3.9,0.514,0.545,1,1.2,0.809,0.7,1.2,1.9,2,0.8,0.1,1,2.1,8.6
119,Chris Douglas-Roberts\douglch01,SF,23,NJN,67,38,25.8,3.8,8.6,0.445,0.2,0.8,0.259,3.6,7.7,0.464,0.457,2,2.3,0.847,0.7,2.3,3,1.4,0.8,0.3,1.4,1.5,9.8
120,Goran Dragić\dragigo01,PG,23,PHO,80,2,18,2.8,6.1,0.452,0.9,2.4,0.394,1.9,3.8,0.488,0.527,1.5,2,0.736,0.5,1.7,2.1,3,0.6,0.1,1.6,1.6,7.9
121,Jared Dudley\dudleja01,SF,24,PHO,82,1,24.3,2.7,6,0.459,1.5,3.2,0.458,1.3,2.8,0.461,0.582,1.3,1.7,0.754,1.2,2.2,3.4,1.4,1,0.2,0.8,2,8.2
122,Chris Duhon\duhonch01,PG,27,NYK,67,59,30.9,2.5,6.7,0.373,1.3,3.9,0.349,1.2,2.9,0.404,0.472,1,1.4,0.716,0.4,2.2,2.7,5.6,0.9,0,1.6,1.2,7.4
123,Tim Duncan\duncati01,C,33,SAS,78,77,31.3,7.2,13.9,0.518,0,0.1,0.182,7.2,13.7,0.522,0.519,3.5,4.8,0.725,2.8,7.3,10.1,3.2,0.6,1.5,1.8,1.9,17.9
124,Mike Dunleavy\dunlemi02,SF,29,IND,67,15,22.2,3.4,8.3,0.41,1.1,3.5,0.318,2.3,4.8,0.478,0.478,2,2.4,0.842,0.4,3.1,3.5,1.5,0.6,0.2,1.1,1.6,9.9
125,Kevin Durant\duranke01,SF,21,OKC,82,82,39.5,9.7,20.3,0.476,1.6,4.3,0.365,8.1,16.1,0.506,0.514,9.2,10.2,0.9,1.3,6.3,7.6,2.8,1.4,1,3.3,2.1,30.1
126,Wayne Ellington\ellinwa01,SG,22,MIN,76,1,18.2,2.5,5.9,0.424,0.8,2.1,0.395,1.7,3.8,0.441,0.496,0.8,0.9,0.871,0.4,1.7,2.1,1,0.3,0.1,1,0.9,6.6
127,Monta Ellis\ellismo01,SG,24,GSW,64,64,41.4,9.9,22,0.449,1.2,3.6,0.338,8.7,18.4,0.47,0.476,4.6,6.1,0.753,0.7,3.3,4,5.3,2.2,0.4,3.8,3,25.5
128,Francisco Elson\elsonfr01,C,33,TOT,12,0,5.5,0.4,1.3,0.333,0,0,,0.4,1.3,0.333,0.333,0.2,0.4,0.4,0.5,0.7,1.2,0.2,0.1,0,0.1,0.6,1
128,Francisco Elson\elsonfr01,C,33,MIL,11,0,5.6,0.4,1.2,0.308,0,0,,0.4,1.2,0.308,0.308,0.2,0.2,1,0.5,0.7,1.2,0.2,0.1,0,0.1,0.6,0.9
128,Francisco Elson\elsonfr01,C,33,PHI,1,0,4,1,2,0.5,0,0,,1,2,0.5,0.5,0,3,0,1,0,1,0,0,0,0,0,2
129,Maurice Evans\evansma01,SF,31,ATL,79,5,16.7,2.2,5,0.445,0.7,2.1,0.337,1.5,2.8,0.527,0.518,0.6,0.8,0.754,0.7,1.2,1.9,0.6,0.4,0.2,0.3,1.6,5.7
130,Reggie Evans\evansre01,PF,29,TOR,28,1,11.1,1.2,2.5,0.493,0,0,,1.2,2.5,0.493,0.493,1,2.1,0.45,1.1,2.7,3.8,0.3,0.5,0.1,0.8,1.6,3.4
131,Tyreke Evans\evansty01,SG,20,SAC,72,72,37.2,7.4,16.2,0.458,0.5,2,0.255,6.9,14.2,0.485,0.473,4.8,6.5,0.748,0.9,4.4,5.3,5.8,1.5,0.4,3,2.8,20.1
132,Jordan Farmar\farmajo01,PG,23,LAL,82,0,18,2.7,6.3,0.435,1,2.8,0.376,1.7,3.5,0.483,0.518,0.7,1,0.671,0.2,1.4,1.6,1.5,0.6,0.1,0.9,1.3,7.2
133,Raymond Felton\feltora01,PG,25,CHA,80,80,33,4.9,10.6,0.459,0.8,2,0.385,4.1,8.6,0.475,0.494,1.7,2.2,0.763,0.7,2.9,3.6,5.6,1.5,0.3,2.1,2.2,12.1
134,Rudy Fernández\fernaru01,SG,24,POR,62,2,23.2,2.6,6.8,0.378,1.6,4.3,0.368,1,2.5,0.395,0.494,1.4,1.6,0.867,0.6,2.1,2.6,2,1,0.2,1.2,1.4,8.1
135,Kyrylo Fesenko\fesenky01,C,23,UTA,49,5,8.3,1.1,1.9,0.547,0,0,0,1.1,1.9,0.553,0.547,0.5,1.2,0.421,0.7,1.2,1.8,0.3,0.1,0.4,0.5,1.6,2.6
136,Michael Finley\finlemi01,SF,36,TOT,46,7,15.4,1.8,4,0.44,0.7,1.8,0.39,1.1,2.2,0.48,0.527,0.2,0.3,0.533,0.1,1.4,1.5,0.9,0.2,0.1,0.5,0.7,4.4
136,Michael Finley\finlemi01,SF,36,SAS,25,6,15.8,1.5,3.9,0.381,0.5,1.6,0.317,1,2.2,0.429,0.448,0.2,0.4,0.667,0.2,1.3,1.5,0.8,0.2,0.2,0.5,0.5,3.7
136,Michael Finley\finlemi01,SF,36,BOS,21,1,15,2.1,4.1,0.506,0.9,2,0.463,1.2,2.2,0.543,0.615,0.1,0.3,0.333,0,1.5,1.6,1.1,0.2,0.1,0.4,1,5.2
137,Derek Fisher\fishede01,PG,35,LAL,82,82,27.2,2.6,6.8,0.38,1,2.7,0.348,1.6,4.1,0.401,0.45,1.4,1.6,0.856,0.3,1.8,2.1,2.5,1.1,0.1,1,2.5,7.5
138,Jonny Flynn\flynnjo01,PG,20,MIN,81,81,28.9,4.9,11.8,0.417,1,2.7,0.358,4,9.1,0.434,0.457,2.8,3.3,0.826,0.3,2.1,2.4,4.4,1,0,2.9,1.2,13.5
139,T.J. Ford\fordtj01,PG,26,IND,47,32,25.3,4,8.9,0.445,0.2,1.1,0.16,3.8,7.8,0.484,0.455,2.2,2.9,0.77,0.9,2.3,3.2,3.8,0.9,0.2,1.9,2.2,10.3
140,Jeff Foster\fosteje01,C,33,IND,16,3,15.9,1.4,2.9,0.478,0,0.1,0,1.4,2.8,0.489,0.478,0.3,0.6,0.556,2.1,2.9,5.1,1.3,0.2,0.3,0.9,2.8,3.1
141,Randy Foye\foyera01,PG,26,WAS,70,38,23.8,3.7,8.8,0.414,0.9,2.6,0.346,2.8,6.2,0.442,0.464,1.8,2.1,0.89,0.2,1.6,1.9,3.3,0.5,0.1,1.3,1.8,10.1
142,Channing Frye\fryech01,C,26,PHO,81,41,27,3.9,8.7,0.451,2.1,4.8,0.439,1.8,3.8,0.466,0.573,1.2,1.5,0.81,0.8,4.5,5.3,1.4,0.8,0.9,0.9,3.2,11.2
143,Dan Gadzuric\gadzuda01,C,31,MIL,32,6,9.8,1.2,2.8,0.438,0,0,,1.2,2.8,0.438,0.438,0.3,0.8,0.4,1.2,1.7,2.9,0.4,0.3,0.4,0.5,2,2.8
144,Sundiata Gaines\gainesu01,PG,23,UTA,32,0,6.8,1.2,2.6,0.463,0.2,0.8,0.269,1,1.8,0.554,0.506,0.7,1.4,0.5,0.2,0.7,0.9,1.2,0.4,0,0.4,0.5,3.3
145,Danilo Gallinari\gallida01,SF,21,NYK,81,74,33.9,4.8,11.4,0.423,2.3,6,0.381,2.5,5.4,0.469,0.523,3.1,3.8,0.818,0.8,4.1,4.9,1.7,0.9,0.7,1.4,2.4,15.1
146,Francisco García\garcifr01,SG,28,SAC,25,4,23,3.3,7,0.466,0.9,2.4,0.39,2.4,4.7,0.504,0.531,0.6,0.7,0.882,0.4,2.2,2.6,1.8,0.4,0.8,0.8,2,8.1
147,Kevin Garnett\garneke01,PF,33,BOS,69,69,29.9,5.8,11.2,0.521,0,0.1,0.2,5.8,11.1,0.523,0.521,2.7,3.2,0.837,1.1,6.2,7.3,2.7,1,0.8,1.5,2.5,14.3
148,Marc Gasol\gasolma01,C,25,MEM,69,69,35.8,5.5,9.4,0.581,0,0,0,5.5,9.4,0.582,0.581,3.7,5.4,0.67,3,6.3,9.3,2.4,1,1.6,2,3.7,14.6
149,Pau Gasol\gasolpa01,C,29,LAL,65,65,37,7,13,0.536,0,0.1,0,7,12.9,0.539,0.536,4.4,5.6,0.79,3.7,7.6,11.3,3.4,0.6,1.7,2.2,2.3,18.3
150,Rudy Gay\gayru01,SF,23,MEM,80,80,39.7,7.5,16.1,0.466,0.8,2.5,0.327,6.7,13.6,0.492,0.491,3.8,5,0.753,1.4,4.5,5.9,1.9,1.5,0.8,2.1,2.5,19.6
151,Alonzo Gee\geeal01,SG,22,WAS,11,2,16.5,2.5,5.4,0.475,0.6,0.8,0.778,1.9,4.5,0.42,0.534,1.6,2.6,0.621,1.4,1.6,3,0.6,0.6,0.1,0.9,1.2,7.4
152,Devean George\georgde01,SF,32,GSW,45,4,16.9,2,4.6,0.432,1.1,2.7,0.39,0.9,1.8,0.494,0.549,0.4,0.5,0.696,0.5,2.1,2.5,0.7,0.9,0.2,0.3,2,5.4
153,Daniel Gibson\gibsoda01,PG,23,CLE,56,10,19.1,2.2,4.8,0.466,1.3,2.7,0.477,1,2.1,0.454,0.599,0.6,0.9,0.694,0.2,1.1,1.3,1.3,0.4,0.1,0.6,1.4,6.3
154,Taj Gibson\gibsota01,PF,24,CHI,82,70,26.9,3.8,7.7,0.494,0,0,,3.8,7.7,0.494,0.494,1.4,2.1,0.646,2.8,4.7,7.5,0.9,0.6,1.3,1.4,3.4,9
155,J.R. Giddens\giddejr01,SF,24,TOT,32,1,7.5,0.9,1.9,0.467,0,0.3,0,0.9,1.6,0.56,0.467,0.4,0.7,0.565,0.5,1.1,1.6,0.4,0.3,0.1,0.5,0.9,2.2
155,J.R. Giddens\giddejr01,SF,24,BOS,21,1,4.7,0.4,1,0.429,0,0.1,0,0.4,0.9,0.474,0.429,0.3,0.6,0.5,0.2,0.8,1,0.3,0.2,0,0.3,0.5,1.1
155,J.R. Giddens\giddejr01,SF,24,NYK,11,0,12.7,1.7,3.5,0.487,0,0.7,0,1.7,2.8,0.613,0.487,0.6,1,0.636,1.1,1.7,2.8,0.6,0.5,0.1,0.9,1.7,4.1
156,Trey Gilder\gildetr01,SF,25,MEM,2,0,2.5,0.5,0.5,1,0,0,,0.5,0.5,1,1,0,0,,0,0.5,0.5,0,0.5,0,0,0,1
157,Manu Ginóbili\ginobma01,SG,32,SAS,75,21,28.7,5.3,12,0.441,1.8,4.7,0.377,3.5,7.4,0.481,0.514,4.1,4.7,0.87,0.9,2.9,3.8,4.9,1.4,0.3,2.1,2.1,16.5
158,Ryan Gomes\gomesry01,SF,27,MIN,76,64,29.1,4.3,9.6,0.447,1,2.6,0.372,3.3,7,0.475,0.497,1.4,1.7,0.825,1,3.6,4.6,1.6,0.8,0.2,1.3,2,10.9
159,Drew Gooden\goodedr01,C-PF,28,TOT,70,33,25.1,4.1,8.6,0.478,0,0.1,0.125,4.1,8.5,0.483,0.479,2.7,3.1,0.861,3,4.8,7.7,0.7,0.6,0.8,1.5,2.8,10.9
159,Drew Gooden\goodedr01,C,28,DAL,46,11,22.4,3.4,7.3,0.467,0,0.1,0.167,3.4,7.2,0.473,0.469,2,2.5,0.809,2.7,4.2,6.9,0.6,0.6,1.1,1.2,2.8,8.9
159,Drew Gooden\goodedr01,PF,28,LAC,24,22,30.2,5.5,11.1,0.492,0,0.1,0,5.5,11,0.496,0.492,3.9,4.2,0.921,3.5,5.9,9.4,0.9,0.6,0.3,2.2,2.7,14.8
160,Ben Gordon\gordobe01,SG,26,DET,62,17,27.9,4.7,11.3,0.416,1.2,3.8,0.321,3.5,7.5,0.465,0.47,3.2,3.7,0.861,0.4,1.5,1.9,2.7,0.8,0.1,1.9,2.4,13.8
161,Eric Gordon\gordoer01,SG,21,LAC,62,60,36,5.7,12.6,0.449,1.9,5.2,0.371,3.8,7.5,0.503,0.525,3.6,4.8,0.742,0.4,2.2,2.6,3,1.1,0.2,2.3,1.5,16.9
162,Marcin Gortat\gortama01,C,25,ORL,81,0,13.4,1.5,2.8,0.533,0,0,0,1.5,2.8,0.54,0.533,0.6,0.9,0.68,1.3,2.9,4.2,0.2,0.2,0.9,0.6,1.7,3.6
163,Joey Graham\grahajo01,SF,27,DEN,63,18,12,1.7,3.2,0.52,0,0.2,0.154,1.6,3,0.545,0.525,0.9,1.2,0.74,0.6,1.3,2,0.3,0.4,0.1,0.7,1.7,4.2
164,Stephen Graham\grahast01,SG,27,CHA,70,8,11.5,1.7,3.4,0.496,0.2,0.7,0.32,1.5,2.7,0.542,0.529,0.6,0.9,0.646,0.3,1.6,1.9,0.3,0.3,0.1,0.5,1.3,4.2
165,Danny Granger\grangda01,SF,26,IND,62,62,36.7,7.9,18.4,0.428,2.5,7.1,0.361,5.3,11.3,0.471,0.498,5.9,6.9,0.848,1.1,4.4,5.5,2.8,1.5,0.8,2.5,3,24.1
166,Aaron Gray\grayaa01,C,25,TOT,32,0,9.7,1.3,2.6,0.512,0,0,,1.3,2.6,0.512,0.512,0.6,0.9,0.714,1.4,1.9,3.3,0.7,0.3,0.3,0.6,1.7,3.3
166,Aaron Gray\grayaa01,C,25,CHI,8,0,6.3,1,2.6,0.381,0,0,,1,2.6,0.381,0.381,0.3,0.9,0.286,0.6,1.4,2,0.3,0,0,0.1,1.3,2.3
166,Aaron Gray\grayaa01,C,25,NOH,24,0,10.9,1.4,2.5,0.557,0,0,,1.4,2.5,0.557,0.557,0.8,0.9,0.857,1.7,2.1,3.8,0.8,0.4,0.5,0.7,1.8,3.6
167,Danny Green\greenda02,SG,22,CLE,20,0,5.8,0.8,2,0.385,0.3,1.1,0.273,0.5,0.9,0.529,0.462,0.2,0.3,0.667,0.4,0.5,0.9,0.3,0.3,0.2,0.3,0.5,2
168,Jeff Green\greenje02,PF,23,OKC,82,82,37.1,5.9,13,0.453,1.3,3.8,0.333,4.6,9.2,0.503,0.502,2,2.7,0.74,1.4,4.6,6,1.6,1.3,0.9,1.6,2.7,15.1
169,Willie Green\greenwi01,SG,28,PHI,73,18,21.3,3.4,7.4,0.457,0.6,1.9,0.346,2.8,5.6,0.494,0.5,1.3,1.6,0.833,0.3,1.5,1.8,2.1,0.4,0.2,0.9,1.8,8.7
170,Donté Greene\greendo01,SF,21,SAC,76,50,21.4,3.2,7.3,0.441,0.9,2.4,0.377,2.3,4.9,0.473,0.504,1.2,1.8,0.643,0.7,2.4,3.1,0.9,0.5,0.7,1.2,2,8.5
171,Taylor Griffin\griffta01,SF,23,PHO,8,0,4,0.5,1.3,0.4,0,0.3,0,0.5,1,0.5,0.4,0.3,0.5,0.5,0,0.3,0.3,0.1,0,0.3,0.1,0.5,1.3
172,Hamed Haddadi\haddaha01,C,24,MEM,36,0,6.7,0.7,1.7,0.387,0,0.1,0,0.7,1.6,0.407,0.387,0.4,0.5,0.737,0.7,1.4,2.1,0.3,0,0.4,0.6,1.6,1.7
173,Malik Hairston\hairsma01,SG,22,SAS,47,0,6.7,0.9,1.6,0.526,0,0.2,0.182,0.8,1.4,0.585,0.539,0.4,0.6,0.567,0.3,0.8,1,0.3,0.1,0.2,0.2,0.6,2.1
174,Marcus Haislip\haislma01,SF,29,SAS,10,0,4.4,1,2.1,0.476,0.3,0.5,0.6,0.7,1.6,0.438,0.548,0.2,0.5,0.4,0.4,0.6,1,0,0,0.2,0.3,0.5,2.5
175,Richard Hamilton\hamilri01,SG,31,DET,46,46,33.7,6.4,15.6,0.409,0.9,3,0.297,5.5,12.6,0.435,0.437,4.4,5.2,0.846,0.7,2,2.7,4.4,0.7,0.1,2.5,2.5,18.1
176,Tyler Hansbrough\hansbty01,PF,24,IND,29,1,17.6,2.8,7.8,0.36,0,0.1,0,2.8,7.6,0.367,0.36,2.9,3.9,0.743,2.1,2.7,4.8,1,0.6,0.3,0.7,2.4,8.5
177,James Harden\hardeja01,SG,20,OKC,76,0,22.9,3.1,7.6,0.403,1.2,3.3,0.375,1.8,4.3,0.424,0.484,2.6,3.2,0.808,0.6,2.6,3.2,1.8,1.1,0.3,1.4,2.6,9.9
178,Al Harrington\harrial01,PF,29,NYK,72,15,30.5,6.2,14.3,0.435,1.9,5.7,0.342,4.3,8.6,0.496,0.503,3.3,4.4,0.757,1.2,4.4,5.6,1.5,0.9,0.4,1.8,2.9,17.7
179,Devin Harris\harride01,PG,26,NJN,64,61,34.7,5.6,13.8,0.403,0.9,3.4,0.276,4.6,10.4,0.444,0.437,4.8,6,0.798,0.4,2.8,3.2,6.6,1.2,0.3,2.8,2.8,16.9
180,Mike Harris\harrimi01,PF,26,TOT,13,0,7.4,0.8,2.3,0.367,0,0.1,0,0.8,2.2,0.379,0.367,0.5,0.8,0.636,0.8,1.1,1.8,0.2,0.4,0.1,0.7,1.1,2.2
180,Mike Harris\harrimi01,PF,26,HOU,8,0,10.3,1.3,3.4,0.37,0,0.1,0,1.3,3.3,0.385,0.37,0.6,1.1,0.556,1.1,1.4,2.5,0.4,0.5,0.1,1.1,1.3,3.1
180,Mike Harris\harrimi01,PF,26,WAS,5,0,2.8,0.2,0.6,0.333,0,0,,0.2,0.6,0.333,0.333,0.4,0.4,1,0.2,0.6,0.8,0,0.2,0,0,0.8,0.8
181,Jason Hart\hartja01,PG,31,TOT,5,0,4.4,0.2,0.4,0.5,0,0,,0.2,0.4,0.5,0.5,0,0,,0,0.4,0.4,1.2,0.4,0.2,0.6,0.8,0.4
181,Jason Hart\hartja01,PG,31,MIN,1,0,5,0,1,0,0,0,,0,1,0,0,0,0,,0,0,0,1,1,0,0,0,0
181,Jason Hart\hartja01,PG,31,NOH,4,0,4.3,0.3,0.3,1,0,0,,0.3,0.3,1,1,0,0,,0,0.5,0.5,1.3,0.3,0.3,0.8,1,0.5
182,Udonis Haslem\hasleud01,PF,29,MIA,78,0,27.9,4,8.1,0.494,0,0,,4,8.1,0.494,0.494,1.9,2.5,0.762,2.1,5.9,8.1,0.7,0.4,0.3,1,2.2,9.9
183,Trenton Hassell\hassetr01,SF,30,NJN,52,31,21.3,1.7,4.2,0.411,0,0.1,0,1.7,4.1,0.421,0.411,1,1.3,0.754,1.1,1.8,2.9,1,0.3,0.2,0.9,1.8,4.5
184,Spencer Hawes\hawessp01,C,21,SAC,72,59,26.4,4.3,9.3,0.468,0.4,1.2,0.299,4,8,0.494,0.488,1,1.5,0.689,2,4,6.1,2.2,0.4,1.2,1.8,2.8,10
185,Chuck Hayes\hayesch01,C,26,HOU,82,82,21.6,2,4,0.489,0,0,,2,4,0.489,0.489,0.4,0.8,0.545,1.8,3.8,5.7,1.7,0.9,0.5,0.9,2.7,4.4
186,Jarvis Hayes\hayesja01,SF,28,NJN,45,19,23,3.1,7.3,0.421,1.3,4,0.335,1.7,3.3,0.523,0.512,0.3,0.4,0.778,0.2,2.2,2.4,0.9,0.6,0.2,0.6,2,7.8
187,Brendan Haywood\haywobr01,C,30,TOT,77,67,30.6,3.6,6.4,0.562,0,0,0,3.6,6.4,0.563,0.562,2,3.2,0.62,3.6,5.7,9.3,0.6,0.3,2.1,1.3,2.7,9.1
187,Brendan Haywood\haywobr01,C,30,WAS,49,48,32.9,3.8,6.8,0.561,0,0,,3.8,6.8,0.561,0.561,2.1,3.2,0.646,4.1,6.3,10.3,0.4,0.4,2.1,1.4,3,9.8
187,Brendan Haywood\haywobr01,C,30,DAL,28,19,26.5,3.1,5.6,0.564,0,0,0,3.1,5.5,0.568,0.564,1.8,3.1,0.575,2.8,4.6,7.4,0.9,0.3,2,1.1,2.3,8.1
188,Luther Head\headlu01,SG,27,IND,47,10,17.3,2.9,6.6,0.437,0.8,2.2,0.352,2.1,4.4,0.481,0.497,1,1.2,0.828,0.1,1.6,1.7,1.5,0.4,0.2,1.1,1.1,7.6
189,Gerald Henderson\hendege02,SG,22,CHA,43,0,8.3,0.9,2.4,0.356,0.1,0.4,0.211,0.8,2,0.388,0.375,0.8,1.1,0.745,0.3,0.9,1.3,0.3,0.2,0.2,0.3,0.6,2.6
190,Roy Hibbert\hibbero01,C,23,IND,81,69,25.1,4.8,9.7,0.495,0,0.1,0.5,4.7,9.6,0.495,0.497,2.1,2.8,0.754,2.2,3.5,5.7,2,0.4,1.6,1.8,3.5,11.7
191,J.J. Hickson\hicksjj01,PF,21,CLE,81,73,20.9,3.6,6.4,0.554,0,0,0,3.6,6.4,0.555,0.554,1.4,2,0.681,1.4,3.6,4.9,0.5,0.4,0.5,1.1,1.6,8.5
192,Nenê Hilário\hilarne01,C,27,DEN,82,82,33.6,5.1,8.7,0.587,0,0,0,5.1,8.7,0.589,0.587,3.6,5.1,0.704,2,5.6,7.6,2.5,1.4,1,1.5,3.4,13.8
193,George Hill\hillge01,PG,23,SAS,78,43,29.2,4.5,9.5,0.478,1,2.4,0.399,3.6,7.1,0.505,0.529,2.3,3,0.772,0.5,2.1,2.6,2.9,0.9,0.3,1.3,2.8,12.4
194,Grant Hill*\hillgr01,SF,37,PHO,81,81,30,4.1,8.7,0.478,0.4,1,0.438,3.7,7.7,0.483,0.503,2.5,3.1,0.817,0.9,4.6,5.5,2.4,0.7,0.4,1.3,2,11.3
195,Jordan Hill\hilljo01,PF,22,TOT,47,0,13.3,2.1,4.3,0.493,0,0,0,2.1,4.2,0.497,0.493,1,1.4,0.676,1.6,2.1,3.7,0.4,0.3,0.4,0.6,2,5.2
195,Jordan Hill\hilljo01,PF,22,NYK,24,0,10.5,1.7,3.8,0.446,0,0.1,0,1.7,3.8,0.456,0.446,0.6,0.9,0.714,1.3,1.2,2.5,0.3,0.4,0.4,0.5,1.5,4
195,Jordan Hill\hilljo01,PF,22,HOU,23,0,16.2,2.5,4.7,0.532,0,0,,2.5,4.7,0.532,0.532,1.3,2,0.66,1.9,3,5,0.6,0.2,0.5,0.8,2.4,6.4
196,Kirk Hinrich\hinriki01,SG,29,CHI,74,53,33.5,4.2,10.2,0.409,1.4,3.8,0.371,2.8,6.4,0.431,0.478,1.1,1.5,0.752,0.3,3.2,3.5,4.5,1.1,0.3,1.5,2.8,10.9
197,Jrue Holiday\holidjr01,PG,19,PHI,73,51,24.2,3.2,7.1,0.442,0.8,2.2,0.39,2.3,4.9,0.465,0.502,0.9,1.2,0.756,0.8,1.8,2.6,3.8,1.1,0.2,2.1,2.1,8
198,Ryan Hollins\holliry01,C,25,MIN,73,27,16.8,2.3,4.2,0.558,0,0,0,2.3,4.1,0.56,0.558,1.5,2.2,0.69,1.1,1.8,2.8,0.7,0.3,0.5,1.3,2.7,6.1
199,Al Horford\horfoal01,C,23,ATL,81,81,35.1,5.8,10.5,0.551,0,0,1,5.8,10.4,0.551,0.552,2.6,3.3,0.789,2.9,7,9.9,2.3,0.7,1.1,1.5,2.8,14.2
200,Eddie House\houseed01,PG-SG,31,TOT,68,0,17.9,2.5,6.7,0.38,1.2,3.3,0.348,1.4,3.4,0.412,0.467,0.7,0.8,0.923,0.2,1.4,1.6,1.3,0.6,0.1,0.7,1.2,7
200,Eddie House\houseed01,PG,31,BOS,50,0,16.9,2.6,6.4,0.401,1.3,3.3,0.383,1.3,3.1,0.419,0.5,0.7,0.8,0.9,0.1,1.2,1.4,1,0.6,0.1,0.5,1.2,7.2
200,Eddie House\houseed01,SG,31,NYK,18,0,20.6,2.4,7.4,0.331,0.8,3.3,0.25,1.6,4.1,0.397,0.387,0.7,0.7,1,0.3,1.9,2.2,2.1,0.7,0,1.1,1.1,6.4
201,Dwight Howard\howardw01,C,24,ORL,82,82,34.7,6.2,10.2,0.612,0,0.1,0,6.2,10.1,0.617,0.612,5.9,10,0.592,3.5,9.7,13.2,1.8,0.9,2.8,3.3,3.5,18.3
202,Josh Howard\howarjo01,SF,29,TOT,35,12,26.2,4.5,11.1,0.405,0.7,2.5,0.267,3.8,8.6,0.444,0.434,3.1,4,0.784,0.9,2.7,3.6,1.4,0.7,0.3,1.3,2.6,12.7
202,Josh Howard\howarjo01,SF,29,DAL,31,9,26.7,4.4,11,0.401,0.6,2.4,0.267,3.8,8.6,0.438,0.43,3,3.8,0.79,0.8,2.8,3.6,1.4,0.7,0.3,1.4,2.5,12.5
202,Josh Howard\howarjo01,SF,29,WAS,4,3,22.8,5,11.5,0.435,0.8,2.8,0.273,4.3,8.8,0.486,0.467,3.8,5,0.75,1,2.3,3.3,1,0.8,0.5,0.8,3.3,14.5
203,Juwan Howard\howarju01,C,36,POR,73,27,22.4,2.6,5.1,0.509,0,0,0,2.6,5.1,0.511,0.509,0.8,1,0.786,1.5,3.1,4.6,0.8,0.4,0.1,1,2.6,6
204,Lester Hudson\hudsole01,PG,25,TOT,25,0,5.2,0.8,2.1,0.396,0.2,0.6,0.313,0.6,1.5,0.432,0.443,0.4,0.5,0.846,0.3,0.4,0.7,0.5,0.3,0.1,0.6,0.5,2.3
204,Lester Hudson\hudsole01,PG,25,BOS,16,0,4.4,0.4,1.1,0.389,0.2,0.3,0.6,0.3,0.8,0.308,0.472,0.3,0.4,0.833,0.2,0.3,0.5,0.5,0.2,0.1,0.6,0.4,1.4
204,Lester Hudson\hudsole01,PG,25,MEM,9,0,6.8,1.6,3.9,0.4,0.2,1.2,0.182,1.3,2.7,0.5,0.429,0.7,0.8,0.857,0.4,0.7,1.1,0.6,0.6,0.1,0.6,0.6,4
205,Larry Hughes\hughela01,SG,31,TOT,45,16,24.8,3,8.6,0.355,1,3.1,0.309,2.1,5.5,0.381,0.411,2.1,2.5,0.832,0.5,2.6,3.2,3,1.2,0.3,1.7,1.6,9.1
205,Larry Hughes\hughela01,SG,31,NYK,31,14,26.5,3.3,9,0.366,0.9,3.1,0.289,2.4,5.9,0.407,0.416,2.1,2.5,0.823,0.5,3,3.5,3.5,1.3,0.4,1.8,1.7,9.6
205,Larry Hughes\hughela01,SG,31,CHA,14,2,21.1,2.5,7.6,0.327,1.1,3,0.357,1.4,4.6,0.308,0.397,2.1,2.4,0.853,0.5,1.8,2.3,2,0.9,0.3,1.4,1.2,8.1
206,Kris Humphries\humphkr01,PF,24,TOT,69,0,17.7,2.6,5.9,0.441,0,0,0,2.6,5.9,0.442,0.441,1.8,2.8,0.668,1.7,3.7,5.5,0.5,0.5,0.7,1,2.1,7.1
206,Kris Humphries\humphkr01,PF,24,DAL,25,0,12.6,2.1,4.6,0.461,0,0,,2.1,4.6,0.461,0.461,1,1.8,0.568,1.5,2.3,3.8,0.3,0.3,0.4,0.5,1.7,5.2
206,Kris Humphries\humphkr01,PF,24,NJN,44,0,20.6,2.9,6.7,0.433,0,0,0,2.9,6.6,0.435,0.433,2.3,3.3,0.699,1.9,4.6,6.4,0.6,0.7,0.8,1.2,2.3,8.1
207,Chris Hunter\huntech01,C,25,GSW,60,9,13.1,1.8,3.6,0.502,0,0.1,0,1.8,3.6,0.512,0.502,0.9,1.2,0.754,0.9,1.9,2.8,0.6,0.2,0.6,0.5,2.2,4.5
208,Lindsey Hunter\hunteli01,PG,39,CHI,13,0,9.4,0.4,2.3,0.167,0.1,1,0.077,0.3,1.3,0.235,0.183,0.2,0.2,1,0.1,1,1.1,0.7,0.1,0,0.3,0.9,1
209,Othello Hunter\hunteot01,SF,23,ATL,7,0,4.7,0.6,1.7,0.333,0,0,,0.6,1.7,0.333,0.333,0.4,0.6,0.75,0.9,0.9,1.7,0,0,0.1,0.4,0.7,1.6
210,Steven Hunter\huntest01,C,28,MEM,21,0,7.5,0.8,2,0.395,0,0,,0.8,2,0.395,0.395,0.9,1.7,0.528,0.9,1.1,2,0,0,0.5,0.4,0.5,2.5
211,Serge Ibaka\ibakase01,PF,20,OKC,73,0,18.1,2.8,5.1,0.543,0,0,0.5,2.7,5,0.543,0.545,0.8,1.3,0.63,1.9,3.5,5.4,0.1,0.3,1.3,0.9,2.7,6.3
212,Andre Iguodala\iguodan01,SF,26,PHI,82,82,38.9,6,13.7,0.443,1.1,3.7,0.31,4.9,10,0.492,0.485,3.8,5.2,0.733,1,5.5,6.5,5.8,1.7,0.7,2.7,1.8,17.1
213,Zydrunas Ilgauskas\ilgauzy01,C,34,CLE,64,6,20.9,3,6.8,0.443,0.2,0.4,0.478,2.9,6.5,0.441,0.455,1.2,1.6,0.743,1.8,3.6,5.4,0.8,0.2,0.8,1,2.9,7.4
214,Didier Ilunga-Mbenga\mbengdj01,C,29,LAL,49,2,7.2,1,2.1,0.466,0,0,,1,2.1,0.466,0.466,0.2,0.4,0.474,0.7,1.1,1.8,0.2,0.1,0.6,0.3,1.1,2.1
215,Ersan İlyasova\ilyaser01,PF,22,MIL,81,31,23.4,4,9,0.443,1,3,0.336,3,6,0.496,0.499,1.4,2,0.715,1.9,4.4,6.4,1,0.7,0.3,0.9,3.1,10.4
216,Allen Iverson*\iversal01,SG-PG,34,TOT,28,24,30.9,4.9,11.3,0.43,0.3,0.9,0.36,4.5,10.4,0.436,0.445,3.7,4.7,0.794,0.6,2.3,2.8,4,0.7,0.1,2.3,1.7,13.8
216,Allen Iverson*\iversal01,PG,34,MEM,3,0,22.3,5,8.7,0.577,0.3,0.3,1,4.7,8.3,0.56,0.596,2,4,0.5,0.3,1,1.3,3.7,0.3,0,2.3,1.7,12.3
216,Allen Iverson*\iversal01,SG,34,PHI,25,24,31.9,4.8,11.6,0.417,0.3,1,0.333,4.5,10.6,0.425,0.431,3.9,4.8,0.824,0.6,2.4,3,4.1,0.7,0.1,2.3,1.7,13.9
217,Royal Ivey\iveyro01,SG,28,TOT,44,0,7.4,0.8,1.9,0.422,0.3,0.8,0.4,0.5,1.1,0.438,0.506,0.2,0.3,0.75,0.1,0.6,0.8,0.6,0.4,0,0.3,0.9,2.1
217,Royal Ivey\iveyro01,SG,28,PHI,26,0,9.1,1,2.1,0.473,0.5,0.9,0.5,0.5,1.2,0.452,0.582,0.2,0.3,0.857,0.2,0.8,1,0.7,0.4,0.1,0.2,1,2.7
217,Royal Ivey\iveyro01,SG,28,MIL,18,0,5,0.5,1.6,0.321,0.1,0.6,0.182,0.4,0.9,0.412,0.357,0.2,0.3,0.6,0.1,0.4,0.4,0.6,0.5,0,0.3,0.8,1.3
218,Jarrett Jack\jackja01,PG,26,TOR,82,43,27.4,3.9,8.2,0.481,1,2.4,0.412,2.9,5.8,0.511,0.542,2.5,2.9,0.842,0.4,2.3,2.7,5,0.7,0.1,2,1.8,11.4
219,Cedric Jackson\jacksce01,PG,23,TOT,12,0,6.2,0.5,1.7,0.3,0.1,0.5,0.167,0.4,1.2,0.357,0.325,0.6,1,0.583,0.2,0.5,0.7,1.2,0.3,0.2,0.9,0.6,1.7
219,Cedric Jackson\jacksce01,PG,23,CLE,5,0,2,0,0.4,0,0,0.2,0,0,0.2,0,0,0.2,0.8,0.25,0,0.2,0.2,0.4,0,0,0.2,0,0.2
219,Cedric Jackson\jacksce01,PG,23,SAS,3,0,8.3,0.7,2.3,0.286,0,0.7,0,0.7,1.7,0.4,0.286,1,1.3,0.75,0.3,1,1.3,2,1,0.7,0.7,0.7,2.3
219,Cedric Jackson\jacksce01,PG,23,WAS,4,0,9.8,1,2.8,0.364,0.3,0.8,0.333,0.8,2,0.375,0.409,0.8,1,0.75,0.3,0.5,0.8,1.5,0,0,2,1.3,3
220,Darnell Jackson\jacksda01,PF,24,TOT,28,0,4.4,0.3,1.1,0.3,0,0.1,0.25,0.3,0.9,0.308,0.317,0.1,0.2,0.667,0.3,0.5,0.8,0.1,0.1,0.1,0.5,0.8,0.8
220,Darnell Jackson\jacksda01,PF,24,CLE,27,0,4.2,0.3,0.9,0.32,0,0.1,0.333,0.3,0.8,0.318,0.34,0.1,0.2,0.667,0.3,0.4,0.7,0.1,0.1,0.1,0.5,0.7,0.8
220,Darnell Jackson\jacksda01,PF,24,MIL,1,0,9,1,5,0.2,0,1,0,1,4,0.25,0.2,0,0,,1,1,2,0,0,0,0,2,2
221,Stephen Jackson\jacksst02,SG-PF,31,TOT,81,81,38.6,7.4,17.5,0.423,1.6,4.9,0.328,5.8,12.7,0.46,0.469,4.2,5.4,0.779,1,4,5,3.7,1.6,0.5,3.2,2.4,20.6
221,Stephen Jackson\jacksst02,PF,31,GSW,9,9,33.3,6.2,14.8,0.421,1.2,4.4,0.275,5,10.3,0.484,0.462,2.9,4.1,0.703,0.7,3.2,3.9,4.7,1.6,0.7,2.9,1.8,16.6
221,Stephen Jackson\jacksst02,SG,31,CHA,72,72,39.3,7.6,17.8,0.423,1.6,4.9,0.334,5.9,12.9,0.457,0.469,4.3,5.5,0.786,1,4.1,5.1,3.6,1.6,0.5,3.2,2.5,21.1
222,LeBron James\jamesle01,SF,25,CLE,76,76,39,10.1,20.1,0.503,1.7,5.1,0.333,8.4,15,0.56,0.545,7.8,10.2,0.767,0.9,6.4,7.3,8.6,1.6,1,3.4,1.6,29.7
223,Mike James\jamesmi01,PG,34,WAS,4,0,11.5,1.5,5,0.3,0.5,1.5,0.333,1,3.5,0.286,0.35,1,2,0.5,0.3,0.5,0.8,1.3,0.8,0,1.3,0.8,4.5
224,Antawn Jamison\jamisan01,PF,33,TOT,66,64,36.5,7.2,15.7,0.461,1.3,3.7,0.344,6,12,0.498,0.502,2.9,4.5,0.647,2.1,6.3,8.4,1.3,1.1,0.3,1.4,2.7,18.7
224,Antawn Jamison\jamisan01,PF,33,WAS,41,41,38.9,7.7,17.1,0.45,1.4,4.1,0.345,6.3,13,0.483,0.491,3.7,5.3,0.7,2.4,6.4,8.8,1.3,1,0.2,1.5,2.7,20.5
224,Antawn Jamison\jamisan01,PF,33,CLE,25,23,32.4,6.5,13.4,0.485,1.1,3.2,0.342,5.4,10.3,0.529,0.525,1.7,3.3,0.506,1.5,6.2,7.7,1.3,1.1,0.5,1.2,2.7,15.8
225,Nathan Jawai\jawaina01,C,23,MIN,39,2,10.6,1.3,2.8,0.441,0,0,0,1.3,2.8,0.445,0.441,0.7,1,0.684,1.3,1.4,2.7,0.6,0.3,0.2,0.7,1.5,3.2
226,Othyus Jeffers\jeffeot01,SG,24,UTA,14,0,5.2,0.9,2.1,0.414,0,0,,0.9,2.1,0.414,0.414,0.9,1.4,0.684,0.6,0.8,1.4,0.1,0.3,0,0.4,0.7,2.6
227,Al Jefferson\jeffeal01,C,25,MIN,76,76,32.4,7.4,14.8,0.498,0,0.1,0,7.4,14.8,0.5,0.498,2.4,3.5,0.68,2.4,6.9,9.3,1.8,0.8,1.3,1.8,2.7,17.1
228,Richard Jefferson\jefferi01,SF,29,SAS,81,70,31.1,4.5,9.6,0.467,0.7,2.3,0.316,3.7,7.3,0.515,0.505,2.6,3.5,0.735,0.7,3.7,4.4,2,0.6,0.5,1.3,2.2,12.3
229,Jared Jeffries\jeffrja01,PF-SF,28,TOT,70,37,25.6,2,4.5,0.439,0.3,1,0.296,1.7,3.5,0.481,0.473,1.1,1.7,0.625,1.9,2.3,4.1,1.4,0.9,1,1.1,2.9,5.3
229,Jared Jeffries\jeffrja01,PF,28,NYK,52,37,28.1,2,4.4,0.443,0.4,1.2,0.323,1.6,3.2,0.488,0.487,1.2,1.8,0.645,1.9,2.4,4.3,1.6,1,1.1,1.2,3,5.5
229,Jared Jeffries\jeffrja01,SF,28,HOU,18,0,18.4,2,4.7,0.429,0.1,0.5,0.111,1.9,4.2,0.467,0.435,0.8,1.5,0.556,1.7,1.9,3.6,1,0.5,0.7,0.8,2.6,4.9
230,Brandon Jennings\jennibr01,PG,20,MIL,82,82,32.6,5.5,14.8,0.371,1.8,4.7,0.374,3.7,10.1,0.37,0.431,2.7,3.3,0.817,0.6,2.8,3.4,5.7,1.3,0.2,2.4,2.3,15.5
231,Jonas Jerebko\jerebjo01,PF,22,DET,80,73,27.9,3.6,7.5,0.481,0.5,1.4,0.313,3.2,6.1,0.52,0.511,1.6,2.2,0.71,2.4,3.6,6,0.7,1,0.4,1,2.9,9.3
232,Yi Jianlian\jianlyi01,PF,22,NJN,52,51,31.8,4.4,10.8,0.403,0.3,0.8,0.366,4.1,10,0.406,0.417,3,3.7,0.798,2.2,4.9,7.2,0.9,0.7,1,1.5,3.3,12
233,Amir Johnson\johnsam01,PF,22,TOR,82,5,17.7,2.5,4.1,0.623,0,0,0,2.5,4,0.63,0.623,1.2,1.8,0.638,1.9,2.9,4.8,0.6,0.5,0.8,0.8,3.1,6.2
234,Anthony Johnson\johnsan02,PG,35,ORL,31,0,13.1,1.6,3.6,0.441,0.4,1.3,0.333,1.2,2.3,0.5,0.5,0.6,0.6,0.95,0.3,1.3,1.5,2,0.4,0,0.8,1,4.2
235,James Johnson\johnsja01,PF,22,CHI,65,11,11.6,1.5,3.2,0.452,0.2,0.7,0.326,1.2,2.5,0.488,0.488,0.8,1.1,0.729,0.5,1.4,2,0.7,0.3,0.7,1,1.9,3.9
236,Joe Johnson\johnsjo02,SG,28,ATL,76,76,38,8.4,18.2,0.458,1.7,4.6,0.369,6.7,13.6,0.488,0.505,2.9,3.5,0.818,1,3.7,4.6,4.9,1.1,0.1,1.9,1.9,21.3
237,Dahntay Jones\jonesda02,SF,29,IND,76,26,24.9,3.8,8.2,0.461,0.1,0.4,0.125,3.7,7.8,0.479,0.464,2.6,3.4,0.77,0.6,2.4,3,2,0.5,0.5,1.7,3.1,10.2
238,Dwayne Jones\jonesdw02,PF,26,PHO,2,0,3.5,0,0,,0,0,,0,0,,,0,0,,0,1,1,0,0,0,0,0.5,0
239,James Jones\jonesja02,SF,29,MIA,36,6,14,1.2,3.3,0.361,1,2.5,0.411,0.2,0.8,0.207,0.517,0.6,0.8,0.821,0.1,1.1,1.3,0.5,0.3,0.1,0.3,1.3,4.1
240,Solomon Jones\jonesso01,C,25,IND,52,2,13,1.5,3.4,0.443,0,0.1,0,1.5,3.3,0.451,0.443,1,1.4,0.718,1,1.8,2.8,0.6,0.3,0.7,0.8,2.4,4
241,DeAndre Jordan\jordade01,C,21,LAC,70,12,16.2,2.1,3.4,0.605,0,0,0,2.1,3.4,0.61,0.605,0.7,1.8,0.375,1.7,3.3,5,0.3,0.2,0.9,1.1,2.2,4.8
242,Chris Kaman\kamanch01,C,27,LAC,76,76,34.3,7.8,15.8,0.49,0,0.1,0,7.8,15.7,0.492,0.49,3,4,0.749,2.4,6.8,9.3,1.6,0.5,1.2,2.9,2.8,18.5
243,Jason Kapono\kaponja01,SF,28,PHI,57,12,17.1,2.2,5.3,0.419,1.1,3,0.368,1.1,2.3,0.485,0.523,0.2,0.3,0.6,0.2,0.9,1.2,0.7,0.4,0.1,0.6,1.4,5.7
244,Coby Karl\karlco01,SF-SG,26,TOT,7,1,16.1,1.6,4.6,0.344,0.3,1.6,0.182,1.3,3,0.429,0.375,0.6,0.9,0.667,0.6,2,2.6,2.1,0.4,0.1,1.4,2,4
244,Coby Karl\karlco01,SG,26,CLE,3,0,1.7,0,0,,0,0,,0,0,,,0,0,,0,0.7,0.7,0,0,0,1.3,0,0
244,Coby Karl\karlco01,SF,26,GSW,4,1,27,2.8,8,0.344,0.5,2.8,0.182,2.3,5.3,0.429,0.375,1,1.5,0.667,1,3,4,3.8,0.8,0.3,1.5,3.5,7
245,Jason Kidd*\kiddja01,PG,36,DAL,80,80,36,3.6,8.4,0.423,2.2,5.2,0.425,1.4,3.2,0.42,0.554,1,1.2,0.808,0.6,5,5.6,9.1,1.8,0.4,2.4,1.8,10.3
246,Andrei Kirilenko\kirilan01,SF,28,UTA,58,35,29,4.2,8.3,0.506,0.4,1.5,0.292,3.8,6.8,0.555,0.533,3,4,0.744,1.3,3.2,4.6,2.7,1.4,1.2,1.4,1.8,11.9
247,Kyle Korver\korveky01,SG,28,UTA,52,0,18.3,2.7,5.4,0.493,1.1,2.1,0.536,1.5,3.3,0.465,0.598,0.8,0.9,0.796,0.2,1.9,2.1,1.7,0.5,0.2,0.8,1.5,7.2
248,Kosta Koufos\koufoko01,C,20,UTA,36,0,4.8,0.6,1.3,0.468,0,0,,0.6,1.3,0.468,0.468,0.3,0.4,0.6,0.4,0.8,1.3,0.2,0.1,0.1,0.4,0.7,1.5
249,Nenad Krstić\krstine01,C,26,OKC,76,76,22.9,3.7,7.4,0.502,0,0.1,0.2,3.7,7.3,0.505,0.503,1,1.4,0.717,1.8,3.3,5,0.7,0.4,0.6,0.8,2.3,8.4
250,Oliver Lafayette\lafayol01,SG,25,BOS,1,0,22,3,6,0.5,1,2,0.5,2,4,0.5,0.583,0,0,,1,3,4,2,0,0,1,0,7
251,Carl Landry\landrca01,PF,26,TOT,80,29,30.9,6.2,11.6,0.536,0,0,0.333,6.2,11.6,0.537,0.537,4.3,5.3,0.806,2.4,3.5,5.9,0.8,0.7,0.8,1.7,2.9,16.8
251,Carl Landry\landrca01,PF,26,HOU,52,1,27.2,5.8,10.6,0.547,0,0,,5.8,10.6,0.547,0.547,4.5,5.4,0.839,2.3,3.2,5.5,0.8,0.5,0.9,1.7,2.8,16.1
251,Carl Landry\landrca01,PF,26,SAC,28,28,37.6,7,13.5,0.52,0,0.1,0.333,7,13.4,0.521,0.521,3.9,5.3,0.741,2.4,4.1,6.5,0.9,1,0.6,1.8,3.1,18
252,Marcus Landry\landrma01,SF,24,TOT,18,0,6.2,0.9,2.4,0.372,0.5,1.6,0.321,0.4,0.8,0.467,0.477,0.2,0.3,0.6,0.3,0.8,1.1,0,0.1,0.1,0.3,0.8,2.4
252,Marcus Landry\landrma01,SF,24,NYK,17,0,6.4,0.9,2.4,0.39,0.5,1.5,0.346,0.4,0.9,0.467,0.5,0.2,0.3,0.6,0.3,0.8,1.1,0,0.1,0.1,0.4,0.8,2.6
252,Marcus Landry\landrma01,SF,24,BOS,1,0,3,0,2,0,0,2,0,0,0,,0,0,0,,0,0,0,0,0,0,0,0,0
253,Acie Law\lawac01,PG,25,TOT,26,1,9,1.3,2.9,0.467,0.2,0.6,0.313,1.2,2.3,0.508,0.5,1.5,1.9,0.776,0.1,0.5,0.7,1,0.4,0,0.7,0.6,4.3
253,Acie Law\lawac01,PG,25,GSW,5,0,13.2,1.8,2.8,0.643,0.2,0.6,0.333,1.6,2.2,0.727,0.679,2.4,3,0.8,0,0.4,0.4,1.4,1.2,0,0.4,1,6.2
253,Acie Law\lawac01,PG,25,CHA,9,0,3.7,0.6,1.8,0.313,0,0.1,0,0.6,1.7,0.333,0.313,0.7,0.8,0.857,0,0.1,0.1,0.3,0.1,0.1,0.3,0.3,1.8
253,Acie Law\lawac01,PG,25,CHI,12,1,11.3,1.8,3.8,0.467,0.3,1,0.333,1.4,2.8,0.515,0.511,1.7,2.3,0.741,0.3,0.9,1.2,1.3,0.3,0,1,0.7,5.5
254,Ty Lawson\lawsoty01,PG,22,DEN,65,8,20.3,3.1,6,0.515,0.5,1.3,0.41,2.6,4.7,0.544,0.559,1.6,2.2,0.757,0.6,1.3,1.9,3.1,0.7,0,1.3,1.4,8.3
255,Courtney Lee\leeco01,SG,24,NJN,71,66,33.5,4.8,10.9,0.436,1.1,3.2,0.338,3.7,7.7,0.476,0.485,1.9,2.2,0.869,0.8,2.7,3.5,1.7,1.3,0.3,1.1,1.8,12.5
256,David Lee\leeda02,C,26,NYK,81,81,37.3,8.5,15.5,0.545,0,0.1,0,8.5,15.4,0.549,0.545,3.3,4.1,0.812,2.8,8.9,11.7,3.6,1,0.5,2.3,3.2,20.2
257,Rashard Lewis\lewisra02,PF,30,ORL,72,72,32.9,4.9,11.2,0.435,2.3,5.9,0.397,2.5,5.3,0.476,0.539,2,2.5,0.806,0.9,3.6,4.4,1.5,1.1,0.4,1.5,2.5,14.1
258,Shaun Livingston\livinsh01,PG,24,TOT,36,18,22.1,2.9,5.6,0.517,0,0.2,0,2.9,5.4,0.533,0.517,1.2,1.3,0.875,0.4,1.7,2.2,3.6,0.5,0.3,1.6,1.7,6.9
258,Shaun Livingston\livinsh01,PG,24,OKC,10,0,13,0.5,1.6,0.313,0,0.2,0,0.5,1.4,0.357,0.313,0,0,,0.4,1.6,2,1.4,0.5,0.2,0.8,0.9,1
258,Shaun Livingston\livinsh01,PG,24,WAS,26,18,25.6,3.8,7.1,0.535,0,0.2,0,3.8,7,0.547,0.535,1.6,1.8,0.875,0.5,1.8,2.2,4.5,0.5,0.3,1.9,2,9.2
259,Brook Lopez\lopezbr01,C,21,NJN,82,82,36.9,6.9,13.8,0.499,0,0,0,6.9,13.7,0.5,0.499,5.1,6.2,0.817,3.3,5.4,8.6,2.3,0.7,1.7,2.5,3.1,18.8
260,Robin Lopez\lopezro01,C,21,PHO,51,31,19.3,3.4,5.7,0.588,0,0,,3.4,5.7,0.588,0.588,1.7,2.5,0.704,2,2.8,4.9,0.1,0.2,1,0.8,2.3,8.4
261,Kevin Love\loveke01,PF,21,MIN,60,22,28.6,4.9,10.8,0.45,0.6,1.8,0.33,4.3,9,0.474,0.478,3.8,4.6,0.815,3.8,7.2,11,2.3,0.7,0.4,2,2.3,14
262,Kyle Lowry\lowryky01,PG,23,HOU,68,0,24.3,2.7,6.8,0.397,0.5,2,0.272,2.2,4.8,0.448,0.436,3.2,3.8,0.827,1.3,2.3,3.6,4.5,0.9,0.1,1.7,2.5,9.1
263,Corey Maggette\maggeco01,PF,30,GSW,70,49,29.7,6.5,12.7,0.516,0.2,0.7,0.26,6.3,11.9,0.531,0.523,6.6,7.9,0.835,1.3,4,5.3,2.5,0.7,0.1,2.4,3.3,19.8
264,Jamaal Magloire\magloja01,C,31,MIA,36,0,10,0.8,1.6,0.5,0,0,,0.8,1.6,0.5,0.5,0.6,1.6,0.356,1.1,2.2,3.4,0,0.3,0.3,0.5,1.6,2.1
265,Ian Mahinmi\mahinia01,C,23,SAS,26,0,6.3,1.3,2.1,0.636,0,0,,1.3,2.1,0.636,0.636,1.2,1.8,0.66,0.5,1.5,2,0.1,0.1,0.3,0.6,1.2,3.9
266,Shawn Marion\mariosh01,SF,31,DAL,75,75,31.8,5.3,10.4,0.508,0,0.3,0.158,5.2,10.1,0.516,0.51,1.4,1.9,0.755,2.1,4.3,6.4,1.4,0.9,0.8,1.3,1.9,12
267,Sean Marks\marksse01,C,34,NOH,14,0,5.4,0.3,0.6,0.5,0,0,,0.3,0.6,0.5,0.5,0.1,0.4,0.4,1,0.6,1.6,0.1,0,0.2,0.1,1.2,0.7
268,Cartier Martin\martica01,SF,25,TOT,18,2,21.7,2.8,7.6,0.368,0.9,2.7,0.347,1.8,4.8,0.379,0.43,1.3,1.7,0.8,1.4,2.4,3.8,0.9,0.6,0.1,1.1,2.7,7.8
268,Cartier Martin\martica01,SF,25,GSW,10,2,27.6,3.2,8.8,0.364,1,3.1,0.323,2.2,5.7,0.386,0.42,1.6,2.1,0.762,1.7,3,4.7,0.9,0.8,0,1.3,3.6,9
268,Cartier Martin\martica01,SF,25,WAS,8,0,14.3,2.3,6,0.375,0.9,2.3,0.389,1.4,3.8,0.367,0.448,1,1.1,0.889,1,1.6,2.6,0.9,0.4,0.1,0.8,1.5,6.4
269,Kenyon Martin\martike01,PF,32,DEN,58,58,34.2,4.9,10.7,0.456,0.1,0.5,0.276,4.7,10.2,0.465,0.463,1.6,2.9,0.557,2.4,7,9.4,1.9,1.2,1.1,1.6,3.2,11.5
270,Kevin Martin\martike02,SG,26,TOT,46,43,35.5,6.3,15.1,0.417,1.5,4.6,0.333,4.8,10.5,0.453,0.468,6.5,7.4,0.876,0.6,2.9,3.6,2.4,1,0.1,2,2.1,20.6
270,Kevin Martin\martike02,SG,26,SAC,22,21,35.2,6.1,15.4,0.398,1.8,5,0.355,4.4,10.4,0.419,0.456,5.8,7,0.819,0.9,3.4,4.3,2.6,1,0.2,1.6,2.3,19.8
270,Kevin Martin\martike02,SG,26,HOU,24,22,35.8,6.4,14.8,0.435,1.3,4.2,0.31,5.1,10.6,0.484,0.479,7.1,7.7,0.924,0.4,2.5,2.9,2.3,1,0.1,2.4,1.9,21.3
271,Desmond Mason\masonde01,SF,32,SAC,5,4,13.2,1,2.4,0.417,0,0,,1,2.4,0.417,0.417,0.6,0.8,0.75,0.8,1.8,2.6,0.4,0.2,0.2,0.8,1,2.6
272,Roger Mason\masonro01,SG,29,SAS,79,5,19.2,2.4,6.3,0.389,1.1,3.3,0.333,1.3,2.9,0.453,0.478,0.3,0.4,0.794,0.1,1.9,2.1,1.7,0.4,0.2,0.7,1.3,6.3
273,Wesley Matthews\matthwe02,SG,23,UTA,82,48,24.7,3.3,6.9,0.483,0.8,2,0.382,2.6,4.9,0.525,0.539,2,2.4,0.829,0.6,1.7,2.3,1.5,0.8,0.2,1.1,1.9,9.4
274,Jason Maxiell\maxieja01,C,26,DET,76,29,20.4,2.8,5.5,0.511,0,0,0,2.8,5.4,0.512,0.511,1.2,2,0.574,2.1,3.2,5.3,0.5,0.5,0.5,0.9,2.3,6.8
275,Sean May\mayse01,C,25,SAC,37,4,8.9,1.4,3,0.459,0,0.1,0,1.4,2.9,0.477,0.459,0.6,0.9,0.656,0.5,1.4,1.9,0.5,0.3,0.2,0.5,1.2,3.3
276,Eric Maynor\maynoer01,PG,22,TOT,81,2,15.7,1.9,4.5,0.418,0.3,0.9,0.31,1.6,3.7,0.444,0.448,0.6,0.9,0.722,0.3,1.3,1.6,3.3,0.5,0.1,1,1.4,4.7
276,Eric Maynor\maynoer01,PG,22,UTA,26,2,14,2,5.1,0.391,0.2,0.9,0.208,1.8,4.2,0.431,0.41,1,1.3,0.758,0.4,1.1,1.5,3.1,0.5,0.1,1.1,1.3,5.2
276,Eric Maynor\maynoer01,PG,22,OKC,55,0,16.5,1.9,4.3,0.434,0.3,0.9,0.362,1.5,3.4,0.452,0.47,0.5,0.7,0.692,0.2,1.5,1.7,3.4,0.5,0.1,1,1.5,4.5
277,O.J. Mayo\mayooj01,SG,22,MEM,82,82,38,6.6,14.4,0.458,1.7,4.3,0.383,5,10.1,0.49,0.516,2.6,3.2,0.809,0.7,3,3.8,3,1.2,0.2,2.1,2.1,17.5
278,Luc Mbah a Moute\mbahalu01,PF,23,MIL,73,62,25.6,2.4,5.1,0.48,0.1,0.2,0.353,2.3,4.8,0.486,0.488,1.3,1.8,0.699,2.3,3.1,5.5,1.1,0.8,0.5,1,2.5,6.2
279,Antonio McDyess\mcdyean01,PF,35,SAS,77,50,21,2.7,5.6,0.479,0,0,0,2.7,5.5,0.481,0.479,0.5,0.7,0.632,1.9,4,5.9,1.1,0.6,0.4,1,1.9,5.8
280,JaVale McGee\mcgeeja01,C,22,WAS,60,19,16.1,2.6,5.1,0.508,0,0,0,2.6,5.1,0.51,0.508,1.2,1.9,0.638,1.5,2.6,4.1,0.2,0.3,1.7,0.9,2,6.4
281,Tracy McGrady*\mcgratr01,SG,30,TOT,30,24,22.4,3,7.8,0.387,0.5,2.1,0.25,2.5,5.7,0.439,0.421,1.6,2.1,0.746,0.7,2.4,3.1,3.3,0.5,0.5,1.5,1.3,8.2
281,Tracy McGrady*\mcgratr01,SG,30,HOU,6,0,7.7,1.2,3.2,0.368,0.2,0.3,0.5,1,2.8,0.353,0.395,0.7,1,0.667,0,0.8,0.8,1,0,0.3,0.2,0.3,3.2
281,Tracy McGrady*\mcgratr01,SG,30,NYK,24,24,26.1,3.5,9,0.389,0.6,2.6,0.242,2.9,6.4,0.448,0.424,1.8,2.4,0.754,0.9,2.8,3.7,3.9,0.6,0.5,1.8,1.6,9.4
282,Dominic McGuire\mcguido01,SF,24,TOT,51,2,6,0.4,1,0.365,0,0,,0.4,1,0.365,0.365,0,0.1,0,0.5,1.1,1.5,0.2,0.1,0.1,0.3,0.7,0.7
282,Dominic McGuire\mcguido01,SF,24,WAS,41,0,5.9,0.4,1,0.375,0,0,,0.4,1,0.375,0.375,0,0.1,0,0.4,1.1,1.5,0.2,0.1,0.1,0.2,0.8,0.7
282,Dominic McGuire\mcguido01,SF,24,SAC,10,2,6.7,0.4,1.2,0.333,0,0,,0.4,1.2,0.333,0.333,0,0.2,0,0.6,1.2,1.8,0.3,0.1,0.1,0.7,0.3,0.8
283,Josh McRoberts\mcrobjo01,C,22,IND,42,3,12.5,1.8,3.5,0.521,0.2,0.5,0.348,1.6,2.9,0.553,0.548,0.5,0.9,0.5,1,2.1,3,1,0.4,0.4,0.5,1.8,4.3
284,Jodie Meeks\meeksjo01,SG,22,TOT,60,0,12,1.7,4.5,0.388,0.7,2.2,0.318,1,2.3,0.456,0.466,0.5,0.7,0.795,0.2,1.5,1.7,0.7,0.3,0.1,0.4,0.9,4.7
284,Jodie Meeks\meeksjo01,SG,22,MIL,41,0,11.9,1.6,4.3,0.362,0.6,2,0.28,1,2.3,0.432,0.427,0.4,0.5,0.857,0.1,1.6,1.8,0.5,0.3,0.1,0.5,0.8,4.1
284,Jodie Meeks\meeksjo01,SG,22,PHI,19,0,12.3,2.1,4.8,0.44,1,2.6,0.38,1.1,2.2,0.512,0.544,0.7,0.9,0.722,0.2,1.2,1.4,0.9,0.3,0.1,0.3,1,5.9
285,Pops Mensah-Bonsu\mensapo01,PF,26,TOT,20,0,6,0.7,1.7,0.394,0,0,,0.7,1.7,0.394,0.394,0.7,1.2,0.542,0.8,1,1.8,0.2,0.2,0.5,0.5,1,2
285,Pops Mensah-Bonsu\mensapo01,PF,26,HOU,4,0,3.3,0.3,1,0.25,0,0,,0.3,1,0.25,0.25,0.8,1.5,0.5,0.3,0.8,1,0.3,0.3,0.3,0,0.8,1.3
285,Pops Mensah-Bonsu\mensapo01,PF,26,TOR,16,0,6.7,0.8,1.8,0.414,0,0,,0.8,1.8,0.414,0.414,0.6,1.1,0.556,0.9,1,1.9,0.1,0.2,0.5,0.6,1.1,2.1
286,C.J. Miles\milescj01,SF,22,UTA,63,28,23.8,3.8,8.9,0.429,1.2,3.4,0.341,2.7,5.5,0.484,0.495,1,1.5,0.695,0.7,2,2.7,1.7,0.9,0.3,1.3,3,9.9
287,Darko Miličić\milicda01,C,24,TOT,32,18,21.4,3.1,6.4,0.49,0,0,0,3.1,6.3,0.493,0.49,0.5,0.9,0.536,1.5,3.3,4.7,1.5,0.7,1.1,1.1,2.6,6.7
287,Darko Miličić\milicda01,C,24,NYK,8,0,8.9,1,2.1,0.471,0,0,,1,2.1,0.471,0.471,0,0,,0.6,1.6,2.3,0.5,0.5,0.1,0.3,0.9,2
287,Darko Miličić\milicda01,C,24,MIN,24,18,25.6,3.8,7.8,0.492,0,0,0,3.8,7.8,0.495,0.492,0.6,1.2,0.536,1.8,3.8,5.5,1.8,0.8,1.4,1.4,3.1,8.3
288,Andre Miller\millean02,PG,33,POR,82,66,30.5,4.9,11.1,0.445,0.2,1,0.2,4.7,10.1,0.469,0.454,3.9,4.8,0.821,1,2.3,3.2,5.4,1.1,0.1,2.1,2.1,14
289,Brad Miller\millebr01,C,33,CHI,82,37,23.8,3,7.1,0.43,0.5,1.6,0.28,2.6,5.5,0.474,0.462,2.2,2.7,0.827,1,3.9,4.9,1.9,0.5,0.4,1.3,2.3,8.8
290,Mike Miller\millemi01,SG,29,WAS,54,50,33.4,4,8,0.501,1.5,3.2,0.48,2.5,4.9,0.515,0.596,1.3,1.6,0.824,1,5.2,6.2,3.9,0.7,0.2,2.1,2.4,10.9
291,Patty Mills\millspa02,PG,21,POR,10,0,3.8,1,2.4,0.417,0.2,0.4,0.5,0.8,2,0.4,0.458,0.4,0.7,0.571,0.1,0.1,0.2,0.5,0,0,0.4,0.6,2.6
292,Paul Millsap\millspa01,PF,24,UTA,82,8,27.8,4.7,8.7,0.538,0,0.1,0.111,4.7,8.6,0.543,0.538,2.2,3.2,0.693,2.3,4.5,6.8,1.6,0.8,1.2,1.4,3.5,11.6
293,Nazr Mohammed\mohamna01,C,32,CHA,58,29,17,3.3,5.9,0.553,0,0,,3.3,5.9,0.553,0.553,1.4,2.2,0.648,2,3.3,5.2,0.5,0.3,0.7,0.9,1.8,7.9
294,Jamario Moon\moonja01,SF,29,CLE,61,2,17.2,1.9,4,0.462,0.5,1.6,0.32,1.3,2.4,0.558,0.526,0.6,0.7,0.8,0.4,2.7,3.1,0.8,0.6,0.5,0.4,1.1,4.9
295,Mikki Moore\mooremi01,C,34,GSW,23,20,17.7,2.3,3.9,0.6,0,0,,2.3,3.9,0.6,0.6,0.3,0.5,0.636,1.1,1.9,3,1.6,0.2,0.6,0.9,2.6,5
296,Randolph Morris\morrira01,PF,24,ATL,28,0,4.4,0.8,1.5,0.561,0,0,,0.8,1.5,0.561,0.561,0.6,1,0.593,0.4,1,1.4,0.1,0.2,0.1,0.4,1.2,2.2
297,Adam Morrison\morriad01,SF,25,LAL,31,0,7.8,1,2.7,0.376,0.2,0.7,0.238,0.9,2.1,0.422,0.406,0.2,0.3,0.625,0.3,0.7,1,0.6,0.1,0.1,0.3,0.5,2.4
298,Anthony Morrow\morroan01,SG,24,GSW,69,37,29.2,4.8,10.2,0.468,2,4.4,0.456,2.7,5.7,0.477,0.568,1.5,1.7,0.886,0.9,2.9,3.8,1.5,0.9,0.2,1.2,2.3,13
299,Byron Mullens\mulleby01,PF,20,OKC,13,0,4.2,0.5,1.5,0.368,0,0,,0.5,1.5,0.368,0.368,0,0,,0.2,0.5,0.8,0.1,0.2,0,0.3,1,1.1
300,Troy Murphy\murphtr01,PF,29,IND,72,69,32.6,5.3,11.3,0.472,1.8,4.6,0.384,3.6,6.7,0.533,0.551,2.1,2.7,0.798,1.8,8.4,10.2,2.1,1,0.5,1.4,2.4,14.6
301,Ronald Murray\murraro01,SG,30,TOT,75,2,22.3,3.6,9.1,0.392,0.9,2.9,0.312,2.7,6.2,0.431,0.443,1.9,2.6,0.727,0.4,2.1,2.4,1.8,0.6,0.2,1.2,1.7,9.9
301,Ronald Murray\murraro01,SG,30,CHA,46,1,21.6,3.5,8.9,0.389,0.9,2.8,0.313,2.6,6.1,0.425,0.439,2,2.8,0.71,0.3,1.8,2.1,1.8,0.6,0.3,1.4,1.7,9.9
301,Ronald Murray\murraro01,SG,30,CHI,29,1,23.4,3.7,9.4,0.397,1,3.1,0.311,2.8,6.3,0.44,0.449,1.7,2.2,0.762,0.4,2.5,2.9,1.8,0.6,0.1,0.9,1.7,10.1
302,Eduardo Nájera\najered01,PF,33,TOT,46,5,14.9,1.3,3.2,0.425,0.4,1.4,0.297,0.9,1.8,0.524,0.49,0.3,0.5,0.583,0.7,1.8,2.5,0.6,0.6,0.3,0.5,2,3.4
302,Eduardo Nájera\najered01,PF,33,NJN,13,2,15.7,1.5,4.1,0.377,0.2,1.3,0.176,1.3,2.8,0.472,0.406,0.5,0.9,0.5,0.9,2,2.9,1.2,0.7,0.2,0.9,2.5,3.8
302,Eduardo Nájera\najered01,PF,33,DAL,33,3,14.6,1.3,2.8,0.452,0.5,1.4,0.34,0.8,1.4,0.565,0.538,0.2,0.4,0.667,0.7,1.7,2.3,0.4,0.5,0.4,0.4,1.8,3.3
303,Steve Nash*\nashst01,PG,35,PHO,81,81,32.8,6.2,12.2,0.507,1.5,3.6,0.426,4.6,8.6,0.54,0.57,2.6,2.8,0.938,0.4,2.9,3.3,11,0.5,0.1,3.6,1.3,16.5
304,Jameer Nelson\nelsoja01,PG,27,ORL,65,64,28.6,4.9,10.9,0.449,1.3,3.5,0.381,3.6,7.4,0.481,0.51,1.5,1.8,0.845,0.4,2.6,3,5.4,0.7,0,2.1,2.3,12.6
305,Rasho Nesterović\nestera01,C,33,TOR,42,8,9.8,1.9,3.5,0.544,0,0,,1.9,3.5,0.544,0.544,0,0.1,0.2,0.9,1.2,2.1,0.6,0.2,0.4,0.4,1.3,3.9
306,Joakim Noah\noahjo01,C,24,CHI,64,54,30.1,4.1,8.1,0.504,0,0,,4.1,8.1,0.504,0.504,2.5,3.4,0.744,3.4,7.6,11,2.1,0.5,1.6,1.8,3.1,10.7
307,Andrés Nocioni\nocioan01,SF,30,SAC,75,28,19.7,3.1,7.8,0.399,1.3,3.3,0.386,1.8,4.5,0.408,0.48,0.9,1.3,0.717,0.4,2.5,3,1,0.4,0.3,0.9,2.1,8.5
308,Steve Novak\novakst01,SF,26,LAC,54,0,6.7,0.8,2,0.389,0.4,1.3,0.31,0.4,0.7,0.541,0.491,0.1,0.2,0.778,0,0.6,0.6,0.1,0.1,0,0,0.4,2.1
309,Dirk Nowitzki\nowitdi01,PF,31,DAL,81,80,37.5,8.9,18.5,0.481,0.6,1.5,0.421,8.3,17,0.487,0.498,6.6,7.2,0.915,1,6.7,7.7,2.7,0.9,1,1.8,2.6,25
310,Patrick O'Bryant\obryapa01,C,23,TOR,11,0,4.6,0.7,1.4,0.533,0,0.1,0,0.7,1.3,0.571,0.533,0.3,0.5,0.5,0.2,0.8,1,0.1,0.2,0.4,0.5,1.1,1.7
311,Jermaine O'Neal\onealje01,C,31,MIA,70,70,28.4,5.6,10.6,0.529,0,0,0,5.6,10.6,0.53,0.529,2.3,3.2,0.72,1.8,5.2,6.9,1.3,0.4,1.4,1.8,3,13.6
312,Shaquille O'Neal*\onealsh01,C,37,CLE,53,53,23.4,4.9,8.7,0.566,0,0,0,4.9,8.7,0.567,0.566,2.1,4.3,0.496,1.8,4.9,6.7,1.5,0.3,1.2,2,3.2,12
313,Fabricio Oberto\obertfa01,C,34,WAS,57,20,11.4,0.6,1,0.625,0,0,,0.6,1,0.625,0.625,0.2,0.3,0.765,0.6,1.2,1.8,0.9,0.2,0.2,0.6,2.1,1.5
314,Greg Oden\odengr01,C,22,POR,21,21,23.9,4.4,7.2,0.605,0,0,,4.4,7.2,0.605,0.605,2.3,3,0.766,3,5.4,8.5,0.9,0.4,2.3,1.9,4,11.1
315,Lamar Odom\odomla01,PF,30,LAL,82,38,31.5,4.2,9,0.463,0.7,2.2,0.319,3.5,6.8,0.51,0.502,1.7,2.5,0.693,2.2,7.5,9.8,3.3,0.9,0.7,1.8,2.8,10.8
316,Emeka Okafor\okafoem01,C,27,NOH,82,82,28.9,4.2,8,0.53,0,0,,4.2,8,0.53,0.53,1.9,3.3,0.562,3.1,6,9,0.7,0.7,1.5,1.4,2.7,10.4
317,Mehmet Okur\okurme01,C,30,UTA,73,73,29.4,4.9,10.6,0.458,1.1,2.9,0.385,3.7,7.7,0.486,0.511,2.7,3.3,0.82,1.8,5.2,7.1,1.6,0.5,1.1,1.7,3.1,13.5
318,Kevin Ollie\ollieke01,PG,37,OKC,25,0,10.5,0.7,1.8,0.4,0,0,0,0.7,1.8,0.409,0.4,0.3,0.3,1,0.1,0.9,1,0.8,0.4,0,0.2,0.6,1.8
319,Travis Outlaw\outlatr01,SF,25,TOT,34,6,21.5,3.2,8.3,0.391,1.2,3.1,0.381,2.1,5.2,0.398,0.463,1.4,1.7,0.831,1,2.6,3.6,1,0.5,0.5,0.9,1.3,9.1
319,Travis Outlaw\outlatr01,SF,25,POR,11,0,21,3.5,9.2,0.376,1.1,2.8,0.387,2.4,6.4,0.371,0.436,1.9,2.2,0.875,1.2,2.3,3.5,0.7,0.6,0.7,1.1,1.2,9.9
319,Travis Outlaw\outlatr01,SF,25,LAC,23,6,21.7,3.1,7.8,0.4,1.2,3.2,0.378,1.9,4.6,0.415,0.478,1.2,1.5,0.8,0.9,2.7,3.6,1.1,0.5,0.4,0.9,1.3,8.7
320,Zaza Pachulia\pachuza01,C,25,ATL,78,1,14,1.5,3.2,0.488,0,0.1,0,1.5,3.1,0.496,0.488,1.2,1.8,0.65,1.5,2.3,3.8,0.5,0.5,0.4,0.7,2.4,4.3
321,Jannero Pargo\pargoja01,PG,30,CHI,63,5,13.2,2.1,6,0.346,0.6,2.2,0.275,1.5,3.9,0.387,0.396,0.7,0.7,0.933,0.1,1.1,1.2,1.4,0.5,0,0.8,1.1,5.5
322,Anthony Parker\parkean01,SG,34,CLE,81,81,28.3,2.5,5.9,0.434,1.3,3.2,0.414,1.2,2.6,0.458,0.547,0.9,1.2,0.789,0.4,2.5,2.9,1.9,0.8,0.2,0.9,1.9,7.3
323,Tony Parker\parketo01,PG,27,SAS,56,50,30.9,6.2,12.8,0.487,0.2,0.6,0.294,6.1,12.2,0.497,0.494,3.3,4.4,0.756,0.1,2.3,2.4,5.7,0.5,0.1,2.7,1.7,16
324,Chris Paul\paulch01,PG,24,NOH,45,45,38,7,14.2,0.493,1.2,2.8,0.409,5.8,11.3,0.514,0.534,3.6,4.2,0.847,0.4,3.8,4.2,10.7,2.1,0.2,2.5,2.6,18.7
325,Sasha Pavlović\pavloal01,SF,26,MIN,71,0,12.4,1.5,4.2,0.363,0.5,1.7,0.297,1,2.6,0.407,0.422,0.1,0.4,0.385,0.2,1.5,1.6,0.8,0.3,0.1,0.7,1.2,3.7
326,Oleksiy Pecherov\pecheol01,C,24,MIN,44,5,10.2,1.8,4.3,0.41,0.3,1.2,0.269,1.4,3.1,0.463,0.447,0.7,0.7,0.906,0.7,2.1,2.8,0.3,0.2,0.3,0.7,1.3,4.5
327,Kendrick Perkins\perkike01,C,25,BOS,78,78,27.6,4,6.7,0.602,0,0,0,4,6.7,0.605,0.602,2.1,3.6,0.582,2,5.6,7.6,1,0.3,1.7,2.1,2.8,10.1
328,Morris Peterson\petermo01,SG,32,NOH,46,39,21.2,2.5,6.5,0.385,1.3,3.7,0.363,1.2,2.8,0.415,0.488,0.7,1.2,0.611,0.4,2.4,2.7,0.9,0.5,0.1,0.6,1.8,7.1
329,Johan Petro\petrojo01,C,24,DEN,36,16,12.1,1.5,2.8,0.535,0,0,0,1.5,2.8,0.54,0.535,0.4,0.6,0.667,0.9,2.7,3.6,0.4,0.3,0.4,0.6,2.2,3.4
330,Paul Pierce\piercpa01,SF,32,BOS,71,71,34,5.8,12.2,0.472,1.5,3.7,0.414,4.2,8.5,0.497,0.535,5.2,6.1,0.852,0.5,3.8,4.4,3.1,1.2,0.4,2.3,2.8,18.3
331,Mickaël Piétrus\pietrmi01,SF,27,ORL,75,24,22.5,3.1,7.2,0.432,1.5,4.1,0.379,1.6,3.1,0.502,0.54,0.9,1.5,0.633,0.5,2.3,2.9,0.7,0.7,0.4,0.9,1.8,8.7
332,James Posey\poseyja01,SF,33,NOH,77,2,22.5,1.6,4.5,0.365,1.1,3.1,0.335,0.6,1.3,0.437,0.483,0.9,1,0.825,0.4,3.9,4.3,1.5,0.5,0.2,0.7,2.6,5.2
333,Leon Powe\powele01,SF,26,CLE,20,2,11.8,1.1,2.5,0.429,0,0,,1.1,2.5,0.429,0.429,1.9,3.2,0.587,1,2.1,3.1,0,0.3,0.1,0.6,1.8,4
334,Josh Powell\poweljo01,PF,27,LAL,63,0,9.2,1.1,3.1,0.366,0.1,0.3,0.438,1,2.8,0.36,0.384,0.3,0.5,0.645,0.7,1.1,1.8,0.6,0.1,0.1,0.5,1.1,2.7
335,A.J. Price\priceaj01,PG,23,IND,56,2,15.4,2.6,6.3,0.41,1.1,3.1,0.345,1.5,3.2,0.472,0.494,1.1,1.3,0.8,0.2,1.4,1.6,1.9,0.6,0.1,1.1,0.9,7.3
336,Ronnie Price\pricero01,PG,26,UTA,60,4,13.4,1.6,4,0.405,0.3,1.1,0.286,1.3,3,0.447,0.442,0.7,1,0.695,0.5,0.8,1.2,2.1,0.7,0.2,0.9,1.8,4.3
337,Tayshaun Prince\princta01,SF,29,DET,49,49,34,5.8,11.8,0.486,0.6,1.5,0.37,5.2,10.3,0.503,0.509,1.4,2,0.714,1.4,3.6,5.1,3.3,0.7,0.4,1.2,1.6,13.5
338,Joel Przybilla\przybjo01,C,30,POR,30,9,22.7,1.5,2.9,0.523,0,0,,1.5,2.9,0.523,0.523,1.1,1.7,0.647,2.4,5.5,7.9,0.3,0.3,1.4,1.3,3.2,4.1
339,Chris Quinn\quinnch01,PG,26,NJN,25,0,8.9,0.8,2.2,0.357,0.4,1.3,0.313,0.4,1,0.417,0.446,0.2,0.2,1,0,0.6,0.6,1.2,0.4,0,0.4,0.6,2.2
340,Vladimir Radmanović\radmavl01,PF,29,TOT,41,20,21.7,2.5,6.7,0.377,0.7,2.6,0.278,1.8,4,0.442,0.432,0.5,0.7,0.741,1.2,3.1,4.3,1.1,0.7,0.2,1.1,2.4,6.2
340,Vladimir Radmanović\radmavl01,PF,29,CHA,8,0,16.6,1.8,5.3,0.333,0.9,2.8,0.318,0.9,2.5,0.35,0.417,0.5,0.8,0.667,1,2.6,3.6,0.9,0.4,0.1,0.6,2.3,4.9
340,Vladimir Radmanović\radmavl01,PF,29,GSW,33,20,23,2.7,7,0.385,0.7,2.6,0.267,2,4.4,0.455,0.435,0.5,0.6,0.762,1.3,3.2,4.5,1.2,0.8,0.2,1.2,2.4,6.6
341,Anthony Randolph\randoan01,C,20,GSW,33,8,22.7,4.2,9.4,0.443,0,0.2,0.2,4.1,9.2,0.447,0.445,3.3,4.1,0.801,2.2,4.3,6.5,1.3,0.8,1.5,1.5,2.8,11.6
342,Shavlik Randolph\randosh01,PF,26,TOT,6,0,8.8,1,3,0.333,0,0,,1,3,0.333,0.333,0.3,0.3,1,1.2,1.2,2.3,0.2,0.2,0.2,0.5,1.5,2.3
342,Shavlik Randolph\randosh01,PF,26,MIA,3,0,15.7,1.7,5,0.333,0,0,,1.7,5,0.333,0.333,0,0,,2.3,2,4.3,0,0.3,0.3,0.7,3,3.3
342,Shavlik Randolph\randosh01,PF,26,POR,3,0,2,0.3,1,0.333,0,0,,0.3,1,0.333,0.333,0.7,0.7,1,0,0.3,0.3,0.3,0,0,0.3,0,1.3
343,Zach Randolph\randoza01,PF,28,MEM,81,81,37.7,8,16.5,0.488,0.2,0.6,0.288,7.9,15.9,0.496,0.494,4.5,5.7,0.778,4.1,7.7,11.7,1.8,1,0.4,2.1,2.8,20.8
344,Theo Ratliff\ratlith01,C,36,TOT,49,29,16.5,1.4,3.1,0.461,0,0,,1.4,3.1,0.461,0.461,0.8,1,0.76,1.2,2,3.2,0.5,0.2,1.2,0.8,1.8,3.6
344,Theo Ratliff\ratlith01,C,36,SAS,21,3,8.7,0.8,1.7,0.444,0,0,,0.8,1.7,0.444,0.444,0.1,0.2,0.5,0.7,1.2,1.9,0.4,0.1,0.9,0.8,1.3,1.6
344,Theo Ratliff\ratlith01,C,36,CHA,28,26,22.3,1.9,4.1,0.466,0,0,,1.9,4.1,0.466,0.466,1.3,1.6,0.783,1.6,2.6,4.2,0.6,0.3,1.5,0.9,2.1,5.1
345,Michael Redd\reddmi01,SG,30,MIL,18,12,27.3,4.2,11.8,0.352,1,3.3,0.3,3.2,8.5,0.373,0.394,2.6,3.7,0.712,0.6,2.4,3,2.2,1.1,0.1,0.8,1.3,11.9
346,J.J. Redick\redicjj01,SG,25,ORL,82,9,22,3,6.7,0.439,1.4,3.3,0.405,1.6,3.4,0.473,0.54,2.3,2.7,0.86,0.2,1.7,1.9,1.9,0.3,0,0.8,1.4,9.6
347,Chris Richard\richach01,PF,25,CHI,18,0,12.4,0.8,1.6,0.517,0,0,,0.8,1.6,0.517,0.517,0.4,0.6,0.636,1.1,2.2,3.3,0.4,0.4,0.2,0.8,2.8,2.1
348,Jason Richardson\richaja01,SG,29,PHO,79,76,31.5,6,12.6,0.474,2,5.1,0.393,4,7.6,0.528,0.553,1.7,2.3,0.739,1,4.1,5.1,1.8,0.8,0.4,1.2,2.1,15.7
349,Quentin Richardson\richaqu01,SF,29,MIA,76,75,27.4,3.2,7.4,0.431,1.9,4.7,0.397,1.3,2.7,0.493,0.558,0.7,0.9,0.732,0.8,4.1,4.9,1.2,0.9,0.2,0.8,2.2,8.9
350,Luke Ridnour\ridnolu01,PG,28,MIL,82,0,21.5,4,8.4,0.478,0.8,2.2,0.381,3.2,6.2,0.513,0.528,1.5,1.7,0.907,0.3,1.5,1.7,4,0.7,0.1,1.3,2.2,10.4
351,Nate Robinson\robinna01,PG,25,TOT,56,2,19.9,3.8,8.8,0.436,1.6,4,0.39,2.3,4.8,0.474,0.524,0.9,1.2,0.746,0.5,1.5,2,2.9,0.9,0.1,1.3,2.1,10.1
351,Nate Robinson\robinna01,PG,25,NYK,30,2,24.4,5.1,11.2,0.452,1.7,4.5,0.375,3.4,6.7,0.505,0.528,1.4,1.8,0.778,0.8,1.6,2.4,3.7,0.9,0.2,1.8,2.2,13.2
351,Nate Robinson\robinna01,PG,25,BOS,26,0,14.7,2.4,6,0.401,1.4,3.3,0.414,1,2.7,0.386,0.516,0.3,0.5,0.615,0.2,1.3,1.5,2,0.8,0,0.8,1.9,6.5
352,Sergio Rodríguez\rodrise01,PG,23,TOT,66,8,15.9,2.5,5.3,0.476,0.5,1.4,0.352,2,3.9,0.519,0.521,1,1.4,0.731,0.4,1,1.3,3.2,0.8,0.1,1.7,1.3,6.6
352,Sergio Rodríguez\rodrise01,PG,23,SAC,39,0,13.3,2.3,4.9,0.463,0.4,1.1,0.357,1.9,3.8,0.493,0.503,1.1,1.6,0.694,0.4,0.9,1.3,3.1,0.7,0.1,1.5,1.2,6
352,Sergio Rodríguez\rodrise01,PG,23,NYK,27,8,19.7,2.9,6,0.491,0.6,1.8,0.347,2.3,4.1,0.554,0.543,0.9,1.1,0.806,0.3,1.1,1.4,3.4,0.8,0.1,2,1.4,7.4
353,Rajon Rondo\rondora01,PG,23,BOS,81,81,36.6,5.7,11.2,0.508,0.2,1,0.213,5.5,10.2,0.536,0.517,2.2,3.5,0.621,1.2,3.2,4.4,9.8,2.3,0.1,3,2.4,13.7
354,Derrick Rose\rosede01,PG,21,CHI,78,78,36.8,8.6,17.6,0.489,0.2,0.8,0.267,8.4,16.8,0.5,0.495,3.3,4.3,0.766,0.8,2.9,3.8,6,0.7,0.3,2.8,1.2,20.8
355,Quinton Ross\rossqu01,SF-SG,28,TOT,52,7,10.8,0.8,2.1,0.36,0.1,0.4,0.19,0.7,1.7,0.4,0.378,0.2,0.3,0.571,0.3,0.6,0.9,0.2,0.3,0.1,0.2,1.3,1.8
355,Quinton Ross\rossqu01,SF,28,DAL,27,7,11.1,0.9,2.1,0.411,0.1,0.5,0.231,0.7,1.6,0.465,0.438,0.2,0.3,0.625,0.4,0.6,1,0.3,0.3,0.1,0.1,1.3,2
355,Quinton Ross\rossqu01,SG,28,WAS,25,0,10.4,0.7,2.2,0.309,0,0.3,0.125,0.6,1.9,0.34,0.318,0.1,0.2,0.5,0.2,0.6,0.9,0.2,0.2,0.1,0.3,1.4,1.5
356,Brandon Roy\roybr01,SG,25,POR,65,65,37.2,7.6,16,0.473,1.1,3.4,0.33,6.4,12.6,0.512,0.508,5.3,6.8,0.78,1.1,3.3,4.4,4.7,0.9,0.2,2,2.1,21.5
357,Brandon Rush\rushbr01,SG,24,IND,82,64,30.4,3.6,8.6,0.423,1.5,3.7,0.411,2.1,4.9,0.433,0.511,0.7,1.1,0.629,0.5,3.7,4.2,1.4,0.7,0.8,1.1,1.9,9.4
358,Kareem Rush\rushka01,SG,29,LAC,7,0,8.3,0.6,1.6,0.364,0.1,0.4,0.333,0.4,1.1,0.375,0.409,0,0,,0.1,0.7,0.9,0.6,0.3,0.4,0.4,1.1,1.3
359,John Salmons\salmojo01,SG,30,TOT,81,56,34.9,5.4,12.2,0.441,1.5,3.8,0.382,3.9,8.4,0.468,0.501,3.1,3.8,0.83,0.4,2.9,3.3,2.8,1.2,0.3,1.5,2,15.4
359,John Salmons\salmojo01,SG,30,CHI,51,28,33.2,4.5,10.7,0.42,1.4,3.8,0.38,3.1,7,0.441,0.486,2.3,2.9,0.789,0.4,3.1,3.4,2.5,1.3,0.4,1.4,2,12.7
359,John Salmons\salmojo01,SG,30,MIL,30,28,37.6,6.9,14.8,0.467,1.5,3.9,0.385,5.4,10.9,0.497,0.518,4.6,5.3,0.867,0.6,2.6,3.2,3.3,1.1,0.1,1.8,2.2,19.9
360,Brian Scalabrine\scalabr01,PF,31,BOS,52,3,9.1,0.6,1.6,0.341,0.3,0.9,0.327,0.3,0.7,0.361,0.435,0.1,0.1,0.667,0.2,0.8,0.9,0.5,0.2,0.1,0.3,1.1,1.5
361,Luis Scola\scolalu01,PF,29,HOU,82,82,32.6,6.8,13.3,0.514,0,0.1,0.2,6.8,13.2,0.515,0.514,2.5,3.3,0.779,2.1,6.5,8.6,2.1,0.8,0.3,2,3,16.2
362,Thabo Sefolosha\sefolth01,SG,25,OKC,82,82,28.6,2.4,5.4,0.44,0.5,1.6,0.313,1.9,3.8,0.494,0.486,0.7,1.1,0.674,0.9,3.8,4.7,1.8,1.2,0.6,1.1,1.9,6
363,Ramon Sessions\sessira01,PG,23,MIN,82,1,21.1,3.1,6.8,0.456,0,0.2,0.067,3.1,6.6,0.467,0.457,2,2.8,0.717,0.7,1.9,2.6,3.1,0.7,0.1,1.7,1.7,8.2
364,Bobby Simmons\simmobo01,PF,29,NJN,23,2,17.2,1.8,5.1,0.359,0.9,2.7,0.317,1,2.3,0.407,0.444,0.8,0.9,0.9,0.5,2.3,2.7,0.7,0.7,0.1,0.8,2.3,5.3
365,James Singleton\singlja01,PF-SF,28,TOT,57,3,17.1,1.7,4.5,0.382,0.1,0.6,0.189,1.6,3.8,0.415,0.396,0.9,1.1,0.855,1.9,2.9,4.8,0.5,0.5,0.8,0.9,2,4.5
365,James Singleton\singlja01,SF,28,DAL,25,0,8.4,1,2.6,0.375,0.2,0.9,0.227,0.8,1.7,0.452,0.414,0.2,0.2,1,0.7,1.5,2.2,0.4,0.4,0.3,0.5,1.2,2.4
365,James Singleton\singlja01,PF,28,WAS,32,3,23.9,2.3,5.9,0.384,0.1,0.5,0.133,2.2,5.5,0.406,0.389,1.5,1.8,0.839,2.8,4.1,6.9,0.7,0.5,1.1,1.2,2.6,6.1
366,Brian Skinner\skinnbr01,PF,33,LAC,16,1,7.7,0.6,1.6,0.4,0,0,,0.6,1.6,0.4,0.4,0.4,0.5,0.75,0.6,1.1,1.7,0,0.2,0.3,0.4,1.3,1.6
367,Craig Smith\smithcr01,PF,26,LAC,75,2,16.4,3,5.3,0.569,0,0.1,0.2,3,5.2,0.574,0.571,1.8,2.8,0.635,1.3,2.5,3.8,1.1,0.4,0.3,1.2,2.6,7.8
368,J.R. Smith\smithjr01,SG,24,DEN,75,0,27.8,5.7,13.8,0.414,2.1,6.2,0.338,3.6,7.5,0.477,0.491,1.9,2.7,0.706,0.4,2.7,3.1,2.4,1.3,0.3,1.9,2.3,15.4
369,Jason Smith\smithja02,PF,23,PHI,56,2,11.8,1.3,3.1,0.431,0.2,0.5,0.345,1.2,2.6,0.448,0.46,0.5,0.8,0.69,1,1.4,2.4,0.6,0.4,0.5,0.6,2,3.4
370,Joe Smith\smithjo02,PF,34,ATL,64,1,9.3,1.2,3,0.399,0,0.1,0.143,1.2,2.9,0.409,0.402,0.6,0.8,0.813,1,1.4,2.5,0.3,0.1,0.3,0.3,1.5,3
371,Josh Smith\smithjo03,PF,24,ATL,81,81,35.4,6.2,12.3,0.505,0,0.1,0,6.2,12.2,0.508,0.505,3.2,5.2,0.618,2.8,6,8.7,4.2,1.6,2.1,2.4,3,15.7
372,Darius Songaila\songada01,C,31,NOH,75,1,18.8,3.2,6.5,0.494,0,0.1,0.167,3.2,6.4,0.498,0.495,0.8,1,0.811,0.8,2.3,3.1,0.9,0.8,0.2,1.1,2.7,7.2
373,Marreese Speights\speigma01,C,22,PHI,62,1,16.4,3.4,7.2,0.477,0,0.1,0,3.4,7.1,0.483,0.477,1.7,2.3,0.745,1.4,2.7,4.1,0.6,0.5,0.5,0.8,2.5,8.6
374,Jerry Stackhouse\stackje01,SG,35,MIL,42,0,20.4,3.1,7.5,0.408,1.1,3.1,0.346,2,4.4,0.452,0.479,1.3,1.6,0.797,0.5,1.9,2.4,1.7,0.5,0.2,1.6,1.3,8.5
375,DeShawn Stevenson\stevede01,SG,28,TOT,64,18,13.8,0.7,2.5,0.282,0.3,1.4,0.218,0.4,1.2,0.355,0.34,0.4,0.5,0.714,0.2,1.3,1.4,0.9,0.3,0.1,0.5,1.2,2.1
375,DeShawn Stevenson\stevede01,SG,28,WAS,40,13,15.4,0.7,2.6,0.282,0.3,1.6,0.177,0.5,1,0.439,0.335,0.5,0.6,0.72,0.2,1.5,1.6,1.1,0.3,0.1,0.6,1.3,2.2
375,DeShawn Stevenson\stevede01,SG,28,DAL,24,5,11.1,0.7,2.5,0.283,0.3,1,0.32,0.4,1.5,0.257,0.35,0.3,0.4,0.7,0.2,0.9,1.1,0.5,0.2,0,0.3,1,2
376,Peja Stojaković\stojape01,SF,32,NOH,62,55,31.4,4.5,11.1,0.404,2.1,5.7,0.375,2.4,5.4,0.435,0.5,1.5,1.7,0.897,0.6,3,3.7,1.5,0.8,0.1,0.9,1.3,12.6
377,Amar'e Stoudemire\stoudam01,PF,27,PHO,82,82,34.6,8.6,15.4,0.557,0,0.1,0.167,8.6,15.3,0.559,0.557,5.9,7.7,0.771,2.8,6.1,8.9,1,0.6,1,2.6,3.4,23.1
378,Rodney Stuckey\stuckro01,PG,23,DET,73,67,34.2,6.2,15.2,0.405,0.2,1.1,0.228,5.9,14.1,0.418,0.413,4.1,4.9,0.833,0.9,2.9,3.8,4.8,1.4,0.2,2.2,2.8,16.6
379,DaJuan Summers\summeda01,SF,22,DET,44,0,9.2,1,3,0.354,0.3,1,0.357,0.7,2,0.352,0.412,0.6,0.9,0.711,0.3,0.7,1,0.4,0.2,0.2,0.4,1.2,3
380,Jermaine Taylor\tayloje02,SG,23,HOU,31,4,9.8,1.5,3.8,0.378,0.2,0.7,0.227,1.3,3.1,0.412,0.399,1.1,1.5,0.717,0.7,0.8,1.5,0.5,0.3,0.1,0.6,0.5,4.1
381,Jeff Teague\teaguje01,PG,21,ATL,71,3,10.1,1.3,3.2,0.396,0.1,0.5,0.219,1.2,2.7,0.426,0.412,0.6,0.7,0.837,0.1,0.9,0.9,1.7,0.5,0.2,0.7,1.2,3.2
382,Sebastian Telfair\telfase01,PG,24,TOT,43,1,15.3,1.9,4.7,0.413,0.3,1.3,0.232,1.6,3.4,0.483,0.445,0.7,0.9,0.784,0.1,0.9,1,2.9,0.6,0.1,1.2,1.7,4.8
382,Sebastian Telfair\telfase01,PG,24,LAC,39,1,14.9,1.7,4.3,0.404,0.3,1.2,0.234,1.4,3.1,0.471,0.437,0.6,0.8,0.774,0.1,0.9,1.1,2.9,0.6,0.1,1.1,1.7,4.3
382,Sebastian Telfair\telfase01,PG,24,CLE,4,0,19.3,4,8.8,0.457,0.5,2.3,0.222,3.5,6.5,0.538,0.486,1.3,1.5,0.833,0,1,1,3,0.5,0,1.5,1.5,9.8
383,Garrett Temple\templga01,SG,23,TOT,27,4,12.4,1.6,3.7,0.436,0.5,1.4,0.351,1.1,2.4,0.484,0.5,1.3,1.9,0.7,0.2,0.9,1.1,0.8,0.5,0.2,1,1.6,5
383,Garrett Temple\templga01,SG,23,HOU,9,0,13.1,1.4,3.2,0.448,0.3,1.3,0.25,1.1,1.9,0.588,0.5,1.8,2.7,0.667,0.2,1.3,1.6,0.8,0.4,0.4,1.6,1.8,5
383,Garrett Temple\templga01,SG,23,SAC,5,0,4.6,0.6,1.6,0.375,0,0.4,0,0.6,1.2,0.5,0.375,1,1,1,0.2,0.4,0.6,0.4,0.2,0,0.4,0.2,2.2
383,Garrett Temple\templga01,SG,23,SAS,13,4,14.8,2.2,4.9,0.438,0.8,1.8,0.435,1.4,3.2,0.439,0.516,1.1,1.6,0.667,0.2,0.8,1.1,0.9,0.6,0.2,0.8,1.9,6.2
384,Jason Terry\terryja01,SG,32,DAL,77,12,33,5.9,13.5,0.438,1.8,4.8,0.365,4.2,8.7,0.479,0.503,3,3.5,0.866,0.2,1.6,1.8,3.8,1.2,0.2,1.4,1.8,16.6
385,Hasheem Thabeet\thabeha01,C,22,MEM,68,13,13,1.1,1.9,0.588,0,0,,1.1,1.9,0.588,0.588,0.8,1.4,0.581,1.3,2.3,3.6,0.2,0.2,1.3,0.6,2.4,3.1
386,Etan Thomas\thomaet01,C,31,OKC,23,1,14,1.3,3,0.456,0,0,,1.3,3,0.456,0.456,0.6,1,0.591,0.8,2,2.8,0,0.2,0.7,0.8,1.7,3.3
387,Kenny Thomas\thomake01,PF,32,SAC,26,2,12,0.7,1.3,0.486,0,0,,0.7,1.3,0.486,0.486,0.3,0.5,0.583,1.3,2,3.3,0.6,0.4,0.4,0.7,1.6,1.6
388,Kurt Thomas\thomaku01,C,37,MIL,70,9,15,1.4,3,0.476,0,0,,1.4,3,0.476,0.476,0.2,0.2,0.8,1.2,3,4.2,0.7,0.4,0.7,0.7,2.3,3
389,Tim Thomas\thomati01,SF,32,DAL,18,1,15.8,2.7,5.9,0.462,0.9,2.4,0.372,1.8,3.5,0.524,0.538,1.2,1.3,0.875,0.7,1.6,2.3,0.8,0.6,0.1,0.8,1.7,7.5
390,Tyrus Thomas\thomaty01,PF-C,23,TOT,54,3,22.6,3.6,7.8,0.462,0,0.1,0,3.6,7.7,0.465,0.462,2.2,3.2,0.686,1.5,4.7,6.2,1,1.2,1.6,1.7,2.4,9.4
390,Tyrus Thomas\thomaty01,PF,23,CHI,29,3,23.4,3.4,7.1,0.483,0,0,0,3.4,7,0.485,0.483,2,3.1,0.644,1.4,4.9,6.3,1.1,1.4,1.7,1.8,2.2,8.8
390,Tyrus Thomas\thomaty01,C,23,CHA,25,0,21.7,3.8,8.6,0.442,0,0.1,0,3.8,8.5,0.446,0.442,2.5,3.4,0.729,1.6,4.5,6.1,0.9,0.9,1.5,1.6,2.6,10.1
391,Jason Thompson\thompja02,C,23,SAC,75,58,31.4,4.9,10.5,0.472,0,0.1,0.1,4.9,10.3,0.477,0.473,2.6,3.7,0.715,3,5.5,8.5,1.7,0.5,1,1.9,3.7,12.5
392,Al Thornton\thornal01,SF,26,TOT,75,46,27.7,4.3,9,0.473,0.1,0.4,0.355,4.1,8.6,0.479,0.482,2,2.8,0.725,1.5,2.4,3.9,1.2,0.6,0.5,1.4,2.7,10.7
392,Al Thornton\thornal01,SF,26,LAC,51,30,27.5,4.3,9,0.478,0.1,0.3,0.357,4.2,8.7,0.482,0.484,2,2.7,0.741,1.7,2.1,3.8,1.2,0.5,0.4,1.3,2.8,10.7
392,Al Thornton\thornal01,SF,26,WAS,24,16,28.1,4.2,9,0.463,0.3,0.7,0.353,3.9,8.3,0.472,0.477,2.1,3,0.694,1.3,3,4.3,1.2,0.8,0.5,1.5,2.6,10.7
393,Marcus Thornton\thornma01,SG,22,NOH,73,17,25.6,5.5,12.1,0.451,1.6,4.3,0.374,3.8,7.8,0.493,0.517,2,2.4,0.814,1,1.9,2.9,1.6,0.8,0.2,1,1.7,14.5
394,Jamaal Tinsley\tinslja01,PG,31,MEM,38,1,15.5,1.4,3.7,0.371,0.2,1,0.179,1.2,2.7,0.446,0.396,0.6,0.7,0.815,0.3,1.4,1.7,2.8,0.9,0.1,1.7,1.8,3.5
395,Anthony Tolliver\tollian01,PF,24,TOT,46,29,31,4.2,9.8,0.43,1.1,3.3,0.329,3.1,6.5,0.481,0.486,2.2,2.9,0.769,1.8,5.1,7,1.9,0.7,0.7,1,2.8,11.7
395,Anthony Tolliver\tollian01,PF,24,POR,2,0,2,0,0.5,0,0,0.5,0,0,0,,0,0,0,,0,0.5,0.5,0,0,0,0,0.5,0
395,Anthony Tolliver\tollian01,PF,24,GSW,44,29,32.3,4.4,10.2,0.431,1.1,3.4,0.331,3.3,6.8,0.481,0.487,2.3,3,0.769,1.9,5.3,7.3,2,0.7,0.8,1,2.9,12.3
396,Alando Tucker\tuckeal02,SF,25,TOT,15,0,6.4,1.1,2.6,0.436,0.1,0.5,0.143,1.1,2.1,0.5,0.449,1.1,1.4,0.762,0.4,0.3,0.7,0.3,0,0,0.3,0.4,3.4
396,Alando Tucker\tuckeal02,SF,25,PHO,11,0,6.5,1.2,2.7,0.433,0.1,0.6,0.143,1.1,2.1,0.522,0.45,1.5,1.9,0.762,0.5,0.2,0.6,0.3,0,0,0.4,0.5,3.9
396,Alando Tucker\tuckeal02,SF,25,MIN,4,0,6.3,1,2.3,0.444,0,0,,1,2.3,0.444,0.444,0,0,,0.3,0.5,0.8,0.3,0,0,0.3,0.3,2
397,Ronny Turiaf\turiaro01,C,27,GSW,42,20,20.8,2,3.5,0.582,0,0,0,2,3.5,0.586,0.582,0.9,1.9,0.474,1.3,3.3,4.5,2.1,0.5,1.3,1.2,2.3,4.9
398,Hedo Türkoğlu\turkohe01,SF,30,TOR,74,69,30.7,3.7,9.1,0.409,1.5,3.9,0.374,2.3,5.2,0.436,0.49,2.4,3.1,0.774,0.6,4.1,4.6,4.1,0.7,0.4,1.7,3,11.3
399,Ime Udoka\udokaim01,SG,32,SAC,69,2,13.7,1.3,3.5,0.378,0.4,1.3,0.286,0.9,2.2,0.433,0.432,0.6,0.8,0.737,0.7,2,2.8,0.8,0.5,0.1,0.6,1.2,3.6
400,Beno Udrih\udrihbe01,PG,27,SAC,79,41,31.4,5.3,10.6,0.493,0.9,2.5,0.377,4.3,8.1,0.53,0.538,1.5,1.8,0.837,0.5,2.3,2.8,4.7,1.1,0.1,1.7,2.1,12.9
401,Roko Ukić\ukicro01,PG,25,MIL,13,0,7.5,1.1,2.3,0.467,0.2,0.9,0.25,0.8,1.4,0.611,0.517,0.7,0.8,0.818,0,0.2,0.2,0.9,0.1,0,0.5,0.5,3.1
402,Anderson Varejão\varejan01,PF,27,CLE,76,7,28.5,3.5,6.1,0.572,0,0.1,0.2,3.5,6.1,0.576,0.573,1.5,2.3,0.663,2.5,5.1,7.6,1.1,0.9,0.9,0.9,2.9,8.6
403,Charlie Villanueva\villach01,PF,25,DET,78,16,23.7,4.7,10.6,0.439,1.3,3.6,0.351,3.4,7,0.484,0.499,1.4,1.7,0.815,1.1,3.6,4.7,0.7,0.6,0.7,0.9,2.9,11.9
404,Sasha Vujačić\vujacsa01,SG,25,LAL,67,1,8.6,1,2.4,0.402,0.4,1.2,0.309,0.6,1.2,0.494,0.479,0.4,0.5,0.848,0.4,0.8,1.2,0.6,0.3,0.1,0.3,1,2.8
405,Dwyane Wade\wadedw01,SG,28,MIA,77,77,36.3,9.3,19.6,0.476,0.9,3.2,0.3,8.4,16.5,0.509,0.5,6.9,9.1,0.761,1.4,3.5,4.8,6.5,1.8,1.1,3.3,2.4,26.6
406,Henry Walker\walkebi01,SG-SF,22,TOT,35,13,21.9,3.4,6.6,0.517,1.4,3.3,0.431,2,3.3,0.603,0.625,1.1,1.4,0.796,0.4,2.1,2.5,1.1,0.7,0.1,0.8,2.4,9.4
406,Henry Walker\walkebi01,SF,22,BOS,8,0,3.6,0.4,0.8,0.5,0,0,,0.4,0.8,0.5,0.5,0.3,0.3,1,0,0.6,0.6,0.4,0,0,0.3,0.5,1
406,Henry Walker\walkebi01,SG,22,NYK,27,13,27.4,4.3,8.4,0.518,1.9,4.3,0.431,2.5,4.1,0.609,0.628,1.4,1.7,0.787,0.6,2.5,3.1,1.4,0.9,0.1,1,2.9,11.9
407,Ben Wallace\wallabe01,C,35,DET,69,67,28.6,2.3,4.2,0.541,0,0,0,2.3,4.2,0.545,0.541,0.9,2.3,0.406,3.6,5.1,8.7,1.5,1.2,1.2,0.9,1.9,5.5
408,Gerald Wallace\wallage01,SF,27,CHA,76,76,41,6,12.4,0.484,0.7,1.8,0.371,5.3,10.6,0.503,0.511,5.6,7.2,0.776,2,8.1,10,2.1,1.5,1.1,2.3,2.6,18.2
409,Rasheed Wallace\wallara01,C,35,BOS,79,13,22.5,3.4,8.2,0.409,1,3.7,0.283,2.3,4.6,0.511,0.472,1.2,1.6,0.768,0.5,3.6,4.1,1,1,0.9,0.8,2.8,9
410,Luke Walton\waltolu01,SF,29,LAL,29,0,9.4,1,2.9,0.357,0.2,0.6,0.412,0.8,2.3,0.343,0.399,0.1,0.1,0.5,0.4,0.9,1.3,1.4,0.3,0,0.4,0.7,2.4
411,Hakim Warrick\warriha01,PF,27,TOT,76,6,20.5,3.5,7.2,0.482,0,0.1,0.143,3.5,7.1,0.486,0.483,2.7,3.6,0.737,1.7,2.5,4.1,0.7,0.3,0.2,1.1,1.7,9.6
411,Hakim Warrick\warriha01,PF,27,MIL,48,6,21.3,3.8,7.9,0.481,0,0.1,0.167,3.8,7.8,0.487,0.483,2.6,3.6,0.727,1.8,2.6,4.4,0.7,0.4,0.2,1.2,1.7,10.2
411,Hakim Warrick\warriha01,PF,27,CHI,28,0,19,3,6.1,0.483,0,0,0,3,6.1,0.485,0.483,2.8,3.6,0.755,1.4,2.2,3.6,0.6,0.3,0.3,0.8,1.5,8.7
412,C.J. Watson\watsocj01,PG,25,GSW,65,15,27.5,3.8,8.1,0.468,0.7,2.2,0.31,3.1,5.9,0.527,0.51,2,2.6,0.771,0.4,2.2,2.6,2.8,1.6,0.1,1.1,1.9,10.3
413,Earl Watson\watsoea01,PG,30,IND,79,52,29.4,2.8,6.6,0.426,0.7,2.3,0.288,2.2,4.3,0.5,0.476,1.5,2.1,0.71,0.7,2.4,3,5.1,1.3,0.2,2.2,2.3,7.8
414,Kyle Weaver\weaveky01,SG,23,OKC,12,0,12,1,2.8,0.364,0.6,1.6,0.368,0.4,1.2,0.357,0.47,0.4,0.5,0.833,0.1,1.4,1.5,0.9,0.5,0.5,0.3,1.1,3
415,Martell Webster\webstma02,SF,23,POR,82,49,24.5,3.2,7.8,0.405,1.5,4,0.373,1.6,3.7,0.44,0.502,1.5,1.9,0.813,0.6,2.7,3.3,0.8,0.5,0.5,0.7,1.9,9.4
416,Sonny Weems\weemsso01,SG,23,TOR,69,19,19.8,3.4,6.6,0.515,0,0.2,0.133,3.4,6.4,0.528,0.517,0.6,0.9,0.688,0.6,2.2,2.8,1.5,0.6,0.4,0.9,1.8,7.5
417,David West\westda01,PF,29,NOH,81,81,36.4,7.6,15.1,0.505,0.1,0.3,0.259,7.6,14.8,0.51,0.508,3.7,4.2,0.865,2,5.4,7.5,3,0.9,0.7,2.1,2.9,19
418,Delonte West\westde01,SG,26,CLE,60,3,25,3.2,7.3,0.445,0.4,1.3,0.325,2.8,6,0.471,0.474,1.9,2.4,0.81,0.5,2.3,2.8,3.3,0.9,0.5,1.5,1.4,8.8
419,Mario West\westma02,SG,25,ATL,39,1,3.6,0.3,0.5,0.571,0,0,0,0.3,0.5,0.6,0.571,0.2,0.3,0.6,0.2,0.5,0.7,0.2,0.2,0,0.2,0.6,0.8
420,Russell Westbrook\westbru01,PG,21,OKC,82,82,34.3,5.9,14.1,0.418,0.3,1.3,0.221,5.6,12.9,0.438,0.428,4,5.1,0.78,1.7,3.1,4.9,8,1.3,0.4,3.3,2.5,16.1
421,D.J. White\whitedj01,PF,23,OKC,12,0,8.5,2.1,3.4,0.61,0,0,,2.1,3.4,0.61,0.61,0.8,0.8,0.9,0.8,1.1,1.9,0.3,0.4,0.3,0.3,1,4.9
422,Chris Wilcox\wilcoch01,PF,27,DET,34,10,13,1.9,3.5,0.525,0,0,,1.9,3.5,0.525,0.525,0.8,1.5,0.5,1.3,2.1,3.4,0.4,0.4,0.4,1.1,1.9,4.5
423,Damien Wilkins\wilkida02,SF,30,MIN,80,31,19.8,2.1,4.8,0.433,0.2,0.8,0.295,1.8,4,0.459,0.457,1.3,1.6,0.798,0.9,2.2,3.1,1.7,0.8,0.3,1,1.8,5.6
424,Mike Wilks\wilksmi01,PG,30,OKC,4,0,14.8,1.5,3,0.5,0.5,0.8,0.667,1,2.3,0.444,0.583,0.5,1,0.5,0.3,0.8,1,1,0,0,1,1.3,4
425,Deron Williams\willide01,PG,25,UTA,76,76,36.9,6.5,13.9,0.469,1.3,3.4,0.371,5.2,10.4,0.501,0.515,4.4,5.5,0.801,0.7,3.3,4,10.5,1.3,0.2,3.3,2.7,18.7
426,Jason Williams\willija02,PG,34,ORL,82,18,20.8,2.3,5.2,0.444,1,2.7,0.38,1.3,2.5,0.512,0.542,0.4,0.5,0.756,0.1,1.5,1.5,3.6,0.6,0,1.1,0.8,6
427,Jawad Williams\willija04,PG,26,CLE,54,6,13.7,1.5,3.8,0.393,0.6,1.7,0.323,0.9,2.1,0.451,0.466,0.6,0.8,0.711,0.3,1.2,1.5,0.6,0.2,0.1,0.3,1.4,4.1
428,Lou Williams\willilo02,PG,23,PHI,64,38,29.9,5,10.6,0.47,1.1,3.2,0.34,3.9,7.4,0.527,0.521,3,3.6,0.824,0.4,2.5,2.9,4.2,1.3,0.2,1.7,1.7,14
429,Marcus Williams\willima03,PG,24,MEM,62,1,14.1,1.7,4.4,0.384,0.4,1.3,0.296,1.3,3.1,0.421,0.428,0.6,0.9,0.673,0.2,1.3,1.5,2.6,0.5,0,1.2,0.7,4.3
430,Marvin Williams\willima02,SF,23,ATL,81,81,30.5,3.7,8.2,0.455,0.5,1.6,0.303,3.2,6.6,0.492,0.485,2.2,2.7,0.819,1.3,3.8,5.1,1.1,0.8,0.6,0.9,2,10.1
431,Mo Williams\willima01,PG,27,CLE,69,68,34.2,5.5,12.4,0.442,2.3,5.4,0.429,3.2,7,0.452,0.535,2.6,2.9,0.894,0.4,2.6,3,5.3,1,0.3,2.5,2.5,15.8
432,Reggie Williams\willire02,SF,23,GSW,24,10,32.6,5.8,11.8,0.495,1.4,3.8,0.359,4.5,8,0.56,0.553,2.2,2.6,0.839,0.8,3.8,4.6,2.8,1,0.3,1.2,2,15.2
433,Sean Williams\willise01,PF,23,NJN,20,0,11.4,1.1,2.5,0.429,0,0.1,0,1.1,2.4,0.438,0.429,0.5,1,0.526,1.1,1.3,2.3,0.1,0.4,1,1,2.1,2.6
434,Shelden Williams\willish02,PF,26,BOS,54,0,11.1,1.2,2.2,0.521,0,0,0,1.2,2.2,0.525,0.521,1.4,1.8,0.765,0.9,1.8,2.7,0.4,0.2,0.4,0.6,1.6,3.7
435,Terrence Williams\willite01,SF,22,NJN,78,9,22.6,3.3,8.3,0.401,0.4,1.3,0.31,2.9,7.1,0.417,0.425,1.3,1.8,0.715,0.6,3.9,4.5,2.9,0.6,0.1,1.6,1.6,8.4
436,Metta World Peace\artesro01,SF,30,LAL,77,77,33.8,4,9.6,0.414,1.4,3.8,0.355,2.6,5.8,0.453,0.484,1.7,2.4,0.688,1.3,3,4.3,3,1.4,0.3,1.6,2.1,11
437,Antoine Wright\wrighan01,SF,25,TOR,67,10,20.8,2.4,6,0.406,0.9,2.6,0.335,1.6,3.4,0.46,0.479,0.8,1.1,0.688,0.6,2.3,2.8,1.1,0.4,0.2,0.9,2,6.5
438,Dorell Wright\wrighdo01,SF,24,MIA,72,1,20.8,2.7,5.8,0.463,0.8,2.2,0.389,1.8,3.6,0.508,0.536,0.8,1,0.884,0.7,2.6,3.3,1.3,0.7,0.4,0.7,1.3,7.1
439,Julian Wright\wrighju01,SF,22,NOH,68,14,12.8,1.7,3.4,0.5,0,0.1,0.333,1.7,3.3,0.504,0.504,0.4,0.6,0.61,0.9,1.3,2.1,0.6,0.4,0.3,0.6,0.7,3.8
440,Nick Young\youngni01,SG,24,WAS,74,23,19.2,3.1,7.5,0.418,0.9,2.3,0.406,2.2,5.2,0.423,0.479,1.4,1.8,0.8,0.3,1.1,1.4,0.6,0.4,0.1,0.8,2,8.6
441,Sam Young\youngsa01,SF,24,MEM,80,1,16.5,2.8,6.2,0.451,0.1,0.7,0.196,2.7,5.5,0.483,0.462,1.7,2.2,0.777,1,1.6,2.5,0.7,0.4,0.3,1.2,1.3,7.4
442,Thaddeus Young\youngth01,PF,21,PHI,67,45,32,5.7,12.1,0.47,0.7,2.1,0.348,5,10.1,0.495,0.499,1.7,2.5,0.691,1.9,3.3,5.2,1.4,1.2,0.2,1.9,2,13.8