Rk,Player,Pos,Age,Tm,G,GS,MP,FG,FGA,FG%,3P,3PA,3P%,2P,2PA,2P%,eFG%,FT,FTA,FT%,ORB,DRB,TRB,AST,STL,BLK,TOV,PF,PTS
1,Steven Adams\adamsst01,C,26,OKC,16,16,26.3,4.3,7.4,.585,0.0,0.0,,4.3,7.4,.585,.585,1.2,2.6,.463,2.7,6.3,9.0,2.8,0.5,0.9,1.4,1.9,9.8
2,Bam Adebayo\adebaba01,C,22,MIA,19,19,32.1,5.1,8.8,.575,0.1,0.3,.167,5.0,8.5,.590,.578,3.8,5.8,.655,2.4,8.2,10.6,4.2,1.5,1.2,2.8,2.5,13.9
3,LaMarcus Aldridge\aldrila01,C,34,SAS,20,20,32.8,7.7,14.8,.517,0.6,1.6,.355,7.1,13.3,.536,.535,3.0,3.6,.833,2.1,4.7,6.7,2.5,0.7,1.8,1.7,2.2,18.9
4,Nickeil Alexander-Walker\alexani01,SG,21,NOP,16,0,14.4,2.3,7.0,.321,1.3,3.8,.344,0.9,3.2,.294,.415,0.6,0.9,.714,0.1,2.1,2.3,2.3,0.3,0.1,1.3,1.6,6.4
5,Grayson Allen\allengr01,SG,24,MEM,9,0,17.4,2.1,6.9,.306,1.0,3.6,.281,1.1,3.3,.333,.379,1.4,1.7,.867,0.2,2.6,2.8,1.6,0.3,0.0,1.1,1.8,6.7
6,Jarrett Allen\allenja01,C,21,BRK,20,17,26.5,4.5,6.8,.667,0.0,0.1,.000,4.5,6.7,.672,.667,2.6,4.4,.580,3.4,7.1,10.5,1.2,0.7,1.3,1.2,2.6,11.6
7,Al-Farouq Aminu\aminual01,PF,29,ORL,18,2,21.1,1.4,4.8,.291,0.5,2.0,.250,0.9,2.8,.320,.343,1.1,1.6,.655,1.3,3.5,4.8,1.2,1.0,0.4,0.9,1.5,4.3
8,Kyle Anderson\anderky01,PF,26,MEM,17,0,20.5,2.8,5.5,.505,0.2,0.9,.250,2.5,4.5,.558,.527,0.9,1.6,.571,0.9,3.5,4.4,2.6,0.7,0.7,0.9,1.7,6.7
9,Ryan Anderson\anderry01,PF,31,HOU,2,0,7.0,1.0,3.5,.286,0.5,2.5,.200,0.5,1.0,.500,.357,0.0,0.0,,0.0,3.5,3.5,1.0,0.5,0.0,0.5,0.5,2.5
10,Giannis Antetokounmpo\antetgi01,PF,25,MIL,20,20,32.4,11.5,20.6,.560,1.4,4.9,.286,10.1,15.7,.645,.594,6.5,11.1,.586,2.7,10.7,13.4,5.9,1.5,1.4,4.1,3.3,30.9
11,Kostas Antetokounmpo\antetko01,PF,22,LAL,2,0,1.5,0.0,0.0,,0.0,0.0,,0.0,0.0,,,0.0,0.0,,0.0,0.5,0.5,0.0,0.0,0.0,0.0,0.0,0.0
12,Thanasis Antetokounmpo\antetth01,SF,27,MIL,3,0,4.3,0.7,1.3,.500,0.0,0.0,,0.7,1.3,.500,.500,0.0,0.0,,0.7,0.0,0.7,0.3,0.0,0.0,0.3,0.7,1.3
13,Carmelo Anthony\anthoca01,PF,35,POR,6,6,30.7,7.0,15.2,.462,1.7,4.5,.370,5.3,10.7,.500,.516,2.0,2.5,.800,1.0,5.0,6.0,2.2,0.7,0.2,2.2,3.5,17.7
14,OG Anunoby\anunoog01,SF,22,TOR,18,18,30.1,4.4,8.3,.530,1.7,3.7,.470,2.7,4.6,.578,.634,0.7,1.4,.520,0.9,4.7,5.6,1.7,1.3,0.9,1.3,2.4,11.2
15,Ryan Arcidiacono\arcidry01,PG,25,CHI,20,0,17.0,1.5,3.7,.392,1.0,2.2,.432,0.5,1.5,.333,.520,0.7,1.0,.737,0.5,1.2,1.7,1.9,0.6,0.1,0.6,2.1,4.6
16,Trevor Ariza\arizatr01,SF,34,SAC,11,0,20.6,1.4,3.8,.357,1.1,2.9,.375,0.3,0.9,.300,.500,0.4,0.5,.800,0.4,3.1,3.5,0.8,0.8,0.0,0.6,1.7,4.2
17,D.J. Augustin\augusdj01,PG,32,ORL,19,5,25.5,3.1,8.2,.372,0.9,3.2,.283,2.2,5.1,.427,.426,1.7,2.0,.868,0.4,1.9,2.3,4.7,0.6,0.0,1.3,1.1,8.7
18,Deandre Ayton\aytonde01,C,21,PHO,1,1,33.0,9.0,14.0,.643,0.0,0.0,,9.0,14.0,.643,.643,0.0,0.0,,3.0,8.0,11.0,0.0,1.0,4.0,0.0,2.0,18.0
19,Dwayne Bacon\bacondw01,SG,24,CHO,15,10,21.2,2.9,8.9,.323,0.6,2.5,.237,2.3,6.3,.358,.357,1.2,1.7,.692,0.5,2.3,2.7,1.3,0.9,0.1,1.3,1.7,7.5
20,Marvin Bagley\baglema01,PF,20,SAC,1,1,28.0,6.0,16.0,.375,0.0,0.0,,6.0,16.0,.375,.375,2.0,4.0,.500,4.0,6.0,10.0,0.0,1.0,1.0,1.0,1.0,14.0
21,Lonzo Ball\balllo01,PG,22,NOP,12,9,27.5,4.3,10.8,.392,2.3,6.5,.359,1.9,4.3,.442,.500,0.5,0.8,.600,0.8,3.3,4.1,5.8,1.2,0.3,2.5,2.0,11.3
22,Mo Bamba\bambamo01,C,21,ORL,17,0,15.3,2.2,5.4,.402,0.7,1.9,.364,1.5,3.5,.424,.467,0.2,0.5,.500,1.4,3.5,4.9,0.5,0.3,1.4,1.3,2.3,5.3
23,J.J. Barea\bareajo01,PG,35,DAL,3,0,14.7,4.3,8.3,.520,2.3,3.3,.700,2.0,5.0,.400,.660,0.7,0.7,1.000,0.3,1.0,1.3,2.0,0.7,0.3,1.3,0.3,11.7
24,Harrison Barnes\barneha02,PF,27,SAC,18,18,35.1,5.7,11.4,.500,1.6,4.0,.389,4.2,7.4,.560,.568,3.7,4.7,.798,1.1,3.9,5.0,2.1,1.0,0.2,1.4,1.3,16.7
25,RJ Barrett\barrerj01,SG,19,NYK,19,19,33.1,5.7,14.0,.410,1.1,3.2,.328,4.7,10.8,.434,.447,2.8,5.4,.524,1.3,4.3,5.5,3.3,1.4,0.4,2.6,2.7,15.4
26,Will Barton\bartowi01,SF,29,DEN,15,15,32.8,5.8,12.7,.455,1.9,4.5,.426,3.9,8.2,.472,.531,1.9,2.5,.737,1.9,5.4,7.3,3.5,1.0,0.5,1.5,2.1,15.4
27,Keita Bates-Diop\bateske01,SF,24,MIN,8,0,18.8,3.4,6.0,.563,1.6,3.3,.500,1.8,2.8,.636,.698,0.6,1.0,.625,0.6,2.4,3.0,0.4,0.5,0.5,0.6,1.3,9.0
28,Nicolas Batum\batumni01,SF,31,CHO,10,0,22.4,1.2,3.5,.343,0.7,2.7,.259,0.5,0.8,.625,.443,0.5,0.5,1.000,0.9,3.6,4.5,3.5,0.6,0.5,1.6,1.9,3.6
29,Aron Baynes\baynear01,C,33,PHO,13,12,24.0,5.5,9.7,.563,1.9,4.4,.439,3.5,5.3,.667,.663,1.8,2.6,.706,1.5,4.2,5.7,2.9,0.3,0.7,1.1,3.9,14.7
30,Kent Bazemore\bazemke01,SF,30,POR,20,2,22.5,2.4,7.3,.331,1.1,3.4,.324,1.3,3.9,.338,.407,1.4,1.8,.778,0.4,3.9,4.3,1.9,0.9,0.7,1.5,3.0,7.3
31,Darius Bazley\bazleda01,PF,19,OKC,19,0,17.1,1.6,3.8,.425,0.7,1.9,.378,0.9,1.9,.472,.521,0.4,0.7,.571,0.4,3.2,3.5,0.5,0.3,0.5,0.8,0.9,4.4
32,Bradley Beal\bealbr01,SG,26,WAS,18,18,36.5,9.8,21.1,.467,2.7,8.0,.340,7.1,13.1,.545,.532,5.6,6.7,.835,0.9,3.4,4.3,7.3,1.1,0.2,3.3,2.6,28.0
33,Malik Beasley\beaslma01,SG,23,DEN,13,0,15.6,2.4,6.0,.397,1.4,2.9,.474,1.0,3.1,.325,.513,0.4,0.4,1.000,0.3,1.2,1.5,1.2,0.6,0.2,1.2,1.3,6.5
34,Marco Belinelli\belinma01,SG,33,SAS,20,0,16.1,1.8,6.0,.294,0.9,3.0,.305,0.9,3.0,.283,.370,0.8,1.1,.714,0.1,1.6,1.7,1.6,0.3,0.0,0.5,0.8,5.2
35,Jordan Bell\belljo01,C,25,MIN,9,0,8.2,1.2,2.1,.579,0.0,0.3,.000,1.2,1.8,.688,.579,0.8,1.2,.636,1.0,2.6,3.6,0.7,0.0,0.3,1.3,0.7,3.2
36,DeAndre' Bembry\bembrde01,SG,25,ATL,20,2,25.9,3.3,6.4,.516,0.4,1.4,.286,2.9,5.0,.580,.547,0.9,1.9,.486,1.0,3.6,4.6,2.9,1.5,0.4,1.7,2.3,7.9
37,Dragan Bender\bendedr01,SF,22,MIL,2,0,8.0,2.5,3.5,.714,1.0,2.0,.500,1.5,1.5,1.000,.857,0.0,0.0,,0.0,0.5,0.5,1.0,0.0,0.5,0.5,2.5,6.0
38,Dāvis Bertāns\bertada01,PF,27,WAS,18,0,27.6,4.4,9.4,.465,3.4,7.6,.456,0.9,1.9,.500,.647,1.0,1.2,.857,0.8,3.7,4.4,1.8,0.6,0.5,0.7,2.7,13.2
39,Patrick Beverley\beverpa01,PG,31,LAC,19,19,29.8,2.7,7.4,.364,1.2,4.4,.277,1.5,3.0,.491,.446,0.7,1.1,.619,1.4,4.9,6.3,3.3,1.5,0.6,1.5,3.8,7.3
40,Khem Birch\birchkh01,C,27,ORL,10,5,20.3,1.7,3.4,.500,0.0,0.1,.000,1.7,3.3,.515,.500,1.1,2.3,.478,1.8,3.3,5.1,0.5,0.5,0.5,0.6,2.5,4.5
41,Goga Bitadze\bitadgo01,C,20,IND,14,2,14.1,1.9,3.9,.473,0.3,0.9,.333,1.6,3.1,.512,.509,1.0,1.4,.737,1.1,2.4,3.6,1.0,0.1,1.3,0.6,2.1,5.0
42,Bismack Biyombo\biyombi01,C,27,CHO,19,4,16.2,3.1,5.1,.598,0.0,0.0,,3.1,5.1,.598,.598,1.7,3.2,.550,1.5,2.5,4.0,0.8,0.3,0.7,0.7,1.9,7.8
43,Nemanja Bjelica\bjeline01,PF,31,SAC,18,17,26.0,3.9,8.4,.464,1.7,4.0,.417,2.2,4.4,.506,.563,0.7,0.7,.923,1.9,4.7,6.7,2.5,0.9,0.4,1.7,2.9,10.1
44,Eric Bledsoe\bledser01,PG,30,MIL,20,20,27.5,6.0,12.8,.465,1.2,3.9,.308,4.8,8.9,.534,.512,2.7,3.4,.779,1.0,4.1,5.0,5.7,0.8,0.4,2.3,2.6,15.8
45,Bogdan Bogdanović\bogdabo01,SG,27,SAC,17,0,27.8,5.2,12.9,.405,2.8,7.4,.384,2.4,5.6,.432,.514,1.7,2.4,.725,0.2,2.5,2.8,4.8,1.5,0.1,1.8,1.9,15.0
46,Bojan Bogdanović\bogdabo02,SF,30,UTA,19,19,33.2,7.5,15.5,.481,3.2,6.9,.458,4.3,8.6,.500,.583,3.4,3.9,.867,0.7,3.8,4.5,2.2,0.8,0.2,2.7,1.9,21.5
47,Jonah Bolden\boldejo01,PF,24,PHI,2,0,2.5,0.5,0.5,1.000,0.0,0.0,,0.5,0.5,1.000,1.000,0.0,1.0,.000,0.0,0.0,0.0,0.0,0.5,0.0,0.5,0.0,1.0
48,Jordan Bone\bonejo01,PG,22,DET,3,0,2.0,0.7,1.7,.400,0.0,0.3,.000,0.7,1.3,.500,.400,0.0,0.0,,0.0,0.0,0.0,0.0,0.0,0.0,0.7,0.7,1.3
49,Isaac Bonga\bongais01,SF,20,WAS,13,7,15.3,1.6,3.2,.512,0.3,0.8,.400,1.3,2.4,.548,.561,0.5,0.8,.700,0.8,1.8,2.6,1.2,0.6,0.2,0.5,2.0,4.1
50,Devin Booker\bookede01,SG,23,PHO,18,18,35.4,8.8,17.2,.510,2.2,5.2,.419,6.6,12.1,.548,.573,4.8,5.0,.956,0.5,3.2,3.7,6.3,0.6,0.3,4.1,3.2,24.5
51,Chris Boucher\bouchch01,PF,27,TOR,17,0,12.8,2.1,4.8,.444,0.5,1.6,.286,1.6,3.1,.528,.494,1.2,1.7,.690,2.2,2.5,4.7,0.6,0.4,0.9,0.4,1.5,5.9
52,Brian Bowen\bowenbr02,SG,21,IND,3,0,3.3,0.3,1.3,.250,0.0,0.3,.000,0.3,1.0,.333,.250,0.0,0.0,,0.0,0.3,0.3,0.0,0.0,0.3,0.0,0.0,0.7
53,Ky Bowman\bowmaky01,PG,22,GSW,21,6,23.0,3.5,7.8,.448,1.0,2.6,.407,2.4,5.2,.468,.515,0.9,1.0,.950,0.5,2.0,2.5,2.8,0.9,0.1,1.0,1.9,8.9
54,Avery Bradley\bradlav01,SG,29,LAL,10,10,27.4,4.1,8.4,.488,0.8,2.8,.286,3.3,5.6,.589,.536,0.6,0.8,.750,0.7,2.5,3.2,1.8,1.0,0.1,1.1,2.6,9.6
55,Tony Bradley\bradlto01,C,22,UTA,14,2,10.6,2.0,3.1,.651,0.0,0.0,,2.0,3.1,.651,.651,0.8,1.1,.688,1.4,2.4,3.7,0.3,0.1,0.5,0.5,1.9,4.8
56,Jarrell Brantley\brantja01,PF,23,UTA,1,0,5.0,0.0,0.0,,0.0,0.0,,0.0,0.0,,,0.0,0.0,,0.0,3.0,3.0,1.0,0.0,1.0,0.0,0.0,0.0
57,Ignas Brazdeikis\brazdig01,SF,21,NYK,5,0,4.8,0.6,2.0,.300,0.0,0.4,.000,0.6,1.6,.375,.300,0.4,0.4,1.000,0.2,0.0,0.2,0.2,0.0,0.2,0.4,0.4,1.6
58,Mikal Bridges\bridgmi01,SF,23,PHO,18,0,19.8,2.1,4.7,.452,0.3,1.6,.214,1.8,3.1,.571,.488,1.3,1.6,.828,0.8,2.7,3.4,1.0,1.4,0.3,0.6,1.6,5.9
59,Miles Bridges\bridgmi02,SF,21,CHO,21,21,31.5,5.1,11.3,.454,1.6,4.5,.347,3.6,6.8,.524,.523,1.1,1.4,.800,1.4,4.1,5.5,2.0,0.5,0.8,1.6,2.0,13.0
60,Oshae Brissett\brissos01,SF,21,TOR,4,0,4.3,0.3,0.8,.333,0.3,0.3,1.000,0.0,0.5,.000,.500,0.0,0.0,,0.0,0.3,0.3,0.3,0.3,0.0,0.3,0.0,0.8
61,Ryan Broekhoff\broekry01,SG,29,DAL,4,0,6.3,1.0,2.0,.500,1.0,1.3,.800,0.0,0.8,.000,.750,0.0,0.0,,0.0,1.3,1.3,0.8,0.3,0.0,0.3,0.3,3.0
62,Malcolm Brogdon\brogdma01,PG,27,IND,16,16,31.8,7.1,14.9,.477,1.4,4.3,.324,5.8,10.7,.538,.523,3.8,3.9,.968,0.6,4.3,4.9,7.9,0.9,0.3,3.0,2.1,19.4
63,Dillon Brooks\brookdi01,SG,24,MEM,19,19,27.6,4.8,12.2,.397,1.8,4.5,.400,3.1,7.7,.395,.470,1.9,2.3,.818,1.1,2.4,3.5,2.1,0.9,0.4,1.4,3.8,13.4
64,Bruce Brown\brownbr01,SG,23,DET,20,16,27.1,3.1,7.1,.440,0.6,1.6,.344,2.6,5.5,.468,.479,1.0,1.8,.571,0.8,3.4,4.2,3.7,1.0,0.5,1.9,2.8,7.8
65,Charlie Brown\brownch02,SG,22,ATL,4,0,4.0,0.3,0.8,.333,0.3,0.3,1.000,0.0,0.5,.000,.500,1.0,1.0,1.000,0.5,0.3,0.8,0.0,0.0,0.3,0.0,0.0,1.8
66,Jaylen Brown\brownja02,SF,23,BOS,16,16,33.4,7.3,14.8,.494,1.8,5.0,.363,5.5,9.8,.561,.555,2.8,3.9,.714,1.2,5.9,7.1,2.0,1.3,0.3,1.6,3.1,19.3
67,Moses Brown\brownmo01,C,20,POR,4,0,3.8,0.8,1.8,.429,0.0,0.0,,0.8,1.8,.429,.429,0.5,1.0,.500,0.5,1.8,2.3,0.0,0.3,0.0,0.3,1.0,2.0
68,Sterling Brown\brownst02,SF,24,MIL,15,0,17.0,2.1,4.9,.419,1.0,2.7,.375,1.1,2.3,.471,.520,0.7,0.9,.769,0.7,4.3,5.0,1.5,0.5,0.1,1.0,1.4,5.8
69,Troy Brown\browntr01,SG,20,WAS,15,11,21.1,2.9,6.7,.436,0.5,1.7,.269,2.5,5.0,.493,.470,0.7,0.8,.833,1.4,3.5,4.9,1.9,1.2,0.1,1.1,1.4,7.0
70,Jalen Brunson\brunsja01,PG,23,DAL,19,3,16.6,2.8,6.3,.454,0.5,2.0,.263,2.3,4.3,.543,.496,1.1,1.5,.690,0.6,1.9,2.5,2.7,0.5,0.0,1.0,1.4,7.3
71,Thomas Bryant\bryanth01,C,22,WAS,18,18,28.4,5.6,10.2,.549,0.6,1.9,.286,5.1,8.3,.611,.576,2.2,2.9,.736,2.3,6.2,8.5,2.7,0.4,1.0,1.3,2.4,13.9
72,Trey Burke\burketr01,PG,27,PHI,7,0,17.4,2.3,6.4,.356,0.7,1.9,.385,1.6,4.6,.344,.411,0.9,1.1,.750,0.6,1.0,1.6,3.3,0.4,0.1,0.6,0.7,6.1
73,Alec Burks\burksal01,SG,28,GSW,18,9,28.9,4.9,12.2,.405,1.4,4.2,.347,3.5,8.1,.434,.464,3.7,4.2,.880,0.6,3.9,4.5,2.7,1.0,0.3,1.4,2.2,15.0
74,Deonte Burton\burtode02,SG,26,OKC,11,0,8.5,1.2,2.9,.406,0.5,1.5,.313,0.7,1.5,.500,.484,0.3,0.4,.750,0.3,1.6,1.9,0.3,0.1,0.1,0.3,1.0,3.1
75,Jimmy Butler\butleji01,SF,30,MIA,15,15,33.4,5.3,12.9,.415,0.7,2.8,.238,4.7,10.1,.464,.440,7.5,8.6,.868,1.9,3.5,5.5,6.3,2.5,0.8,2.4,1.3,18.8
76,Bruno Caboclo\cabocbr01,SF,24,MEM,11,0,10.5,1.7,4.2,.413,0.3,1.5,.188,1.5,2.7,.533,.446,0.2,0.3,.667,1.0,1.8,2.8,0.5,0.6,0.7,0.5,1.3,3.9
77,Kentavious Caldwell-Pope\caldwke01,SG,26,LAL,20,10,23.2,3.1,6.9,.445,1.2,2.9,.404,1.9,4.0,.475,.529,0.7,0.9,.778,0.5,1.8,2.3,1.5,0.7,0.2,0.8,1.8,8.0
78,Vlatko Čančar\cancavl01,SF,22,DEN,1,0,2.0,0.0,0.0,,0.0,0.0,,0.0,0.0,,,0.0,0.0,,0.0,0.0,0.0,0.0,0.0,0.0,0.0,0.0,0.0
79,Clint Capela\capelca01,C,25,HOU,15,15,31.9,6.7,10.5,.637,0.0,0.0,,6.7,10.5,.637,.637,1.3,2.9,.442,3.7,10.9,14.7,1.0,0.9,2.0,1.5,2.9,14.6
80,DeMarre Carroll\carrode01,SF,33,SAS,10,0,11.2,0.7,2.5,.280,0.3,1.2,.250,0.4,1.3,.308,.340,0.8,1.0,.800,0.7,2.0,2.7,1.0,0.1,0.2,0.5,1.5,2.5
81,Jevon Carter\carteje01,PG,24,PHO,13,2,15.1,1.5,3.8,.408,0.9,2.3,.400,0.6,1.5,.421,.531,0.3,0.3,1.000,0.2,1.7,1.9,1.8,0.9,0.4,1.2,1.6,4.3
82,Vince Carter\cartevi01,SF,43,ATL,15,0,15.4,1.9,5.6,.333,0.9,3.7,.236,1.0,1.9,.517,.411,0.4,0.5,.750,0.2,1.9,2.1,0.7,0.3,0.2,0.7,1.9,5.0
83,Wendell Carter\cartewe01,C,20,CHI,20,20,29.0,5.0,8.7,.569,0.1,0.7,.154,4.9,8.1,.602,.575,2.7,4.0,.684,3.8,6.0,9.7,0.9,0.7,0.8,1.3,4.1,12.7
84,Michael Carter-Williams\cartemi01,SG,28,ORL,10,0,14.9,1.4,4.7,.298,0.3,1.7,.176,1.1,3.0,.367,.330,1.6,2.0,.800,1.1,2.0,3.1,1.3,0.8,0.6,0.8,1.7,4.7
85,Alex Caruso\carusal01,PG,25,LAL,18,0,20.2,2.0,4.7,.424,0.7,2.2,.308,1.3,2.6,.522,.494,0.3,0.6,.600,0.1,1.7,1.8,2.0,1.1,0.3,1.1,1.3,5.0
86,Willie Cauley-Stein\caulewi01,C,26,GSW,18,17,22.6,3.4,6.4,.539,0.0,0.0,,3.4,6.4,.539,.539,0.8,1.1,.737,1.4,5.1,6.6,1.7,1.1,1.1,0.9,2.9,7.7
87,Tyson Chandler\chandty01,C,37,HOU,17,4,9.1,0.7,0.9,.750,0.0,0.0,,0.7,0.9,.750,.750,0.3,0.5,.556,1.1,1.7,2.8,0.4,0.3,0.4,0.4,1.3,1.7
88,Zylan Cheatham\cheatzy01,SF,24,NOP,2,0,10.0,0.5,2.0,.250,0.0,0.5,.000,0.5,1.5,.333,.250,0.0,0.0,,0.0,1.5,1.5,0.5,0.0,0.0,0.5,1.5,1.0
89,Chris Chiozza\chiozch01,PG,24,WAS,5,0,9.6,0.4,2.2,.182,0.4,0.8,.500,0.0,1.4,.000,.273,0.0,0.0,,0.0,1.0,1.0,1.8,0.8,0.4,1.0,1.2,1.2
90,Marquese Chriss\chrisma01,PF,22,GSW,20,1,18.1,2.6,5.2,.490,0.2,0.8,.188,2.4,4.4,.545,.505,2.1,2.4,.854,1.4,3.4,4.8,2.2,0.8,1.1,1.4,2.2,7.3
91,Gary Clark\clarkga01,PF,25,HOU,6,0,10.7,1.3,3.2,.421,0.8,2.5,.333,0.5,0.7,.750,.553,0.0,0.0,,0.8,1.7,2.5,0.8,0.2,0.2,0.0,0.8,3.5
92,Brandon Clarke\clarkbr01,PF,23,MEM,18,2,21.2,5.1,8.1,.630,0.6,1.2,.455,4.6,6.9,.661,.664,1.1,1.3,.826,1.3,4.6,5.9,1.3,0.5,0.9,1.1,1.7,11.8
93,Jordan Clarkson\clarkjo01,SG,27,CLE,19,0,22.5,4.6,10.9,.418,1.7,4.9,.355,2.8,6.1,.470,.498,3.3,3.7,.886,0.6,1.7,2.3,2.5,0.6,0.3,1.3,1.2,14.2
94,Nicolas Claxton\claxtni01,PF,20,BRK,9,0,13.2,1.2,2.3,.524,0.0,0.6,.000,1.2,1.8,.688,.524,0.6,1.3,.417,0.9,1.6,2.4,1.2,0.1,0.6,0.7,1.1,3.0
95,Chris Clemons\clemoch01,SG,22,HOU,13,0,8.9,1.8,4.0,.462,1.4,3.3,.419,0.5,0.7,.667,.635,0.2,0.3,.750,0.2,0.5,0.7,0.5,0.2,0.2,0.5,0.9,5.3
96,John Collins\collijo01,PF,22,ATL,5,5,32.2,6.4,12.2,.525,1.8,3.8,.474,4.6,8.4,.548,.598,2.4,3.4,.706,2.0,6.8,8.8,1.6,1.0,2.0,1.4,3.4,17.0
97,Zach Collins\colliza01,PF,22,POR,3,3,28.7,3.0,6.3,.474,1.0,2.3,.429,2.0,4.0,.500,.553,2.0,2.0,1.000,1.3,2.7,4.0,2.0,0.0,0.7,2.0,3.7,9.0
98,Mike Conley\conlemi01,PG,32,UTA,20,20,30.2,4.7,12.7,.370,2.0,5.3,.371,2.8,7.5,.369,.447,2.9,3.7,.795,0.8,2.8,3.6,4.5,0.7,0.2,2.0,2.2,14.3
99,Pat Connaughton\connapa01,SG,27,MIL,18,0,17.9,2.2,4.6,.476,0.8,2.7,.313,1.3,1.9,.706,.567,0.5,0.6,.900,0.5,3.4,3.9,1.7,0.3,0.6,0.5,1.0,5.7
100,Quinn Cook\cookqu01,PG,26,LAL,17,0,14.2,2.3,5.2,.438,0.7,1.9,.364,1.6,3.3,.482,.506,0.2,0.3,.800,0.2,1.1,1.3,1.6,0.4,0.1,0.8,0.6,5.5
101,Tyler Cook\cookty01,PF,22,CLE,6,0,2.8,0.8,1.0,.833,0.0,0.0,,0.8,1.0,.833,.833,0.3,0.3,1.000,0.5,0.3,0.8,0.0,0.2,0.0,0.2,0.2,2.0
102,Robert Covington\covinro01,PF,29,MIN,18,18,27.3,4.1,9.2,.442,1.9,5.5,.354,2.1,3.7,.576,.548,2.1,2.3,.881,0.7,4.7,5.4,1.2,1.4,1.0,1.6,2.8,12.1
103,Allen Crabbe\crabbal01,SG,27,ATL,10,1,18.9,2.0,5.4,.370,0.8,3.3,.242,1.2,2.1,.571,.444,0.5,0.7,.714,0.5,2.2,2.7,0.9,0.5,0.2,0.4,0.7,5.3
104,Torrey Craig\craigto01,SF,29,DEN,13,2,14.4,1.1,3.2,.341,0.3,1.5,.200,0.8,1.6,.476,.390,0.3,0.7,.444,0.7,2.0,2.7,1.2,0.4,0.8,0.4,2.0,2.8
105,Jae Crowder\crowdja01,SF,29,MEM,19,19,31.0,3.7,8.9,.414,2.3,6.4,.355,1.4,2.5,.563,.541,1.4,2.0,.684,0.8,5.3,6.1,2.8,0.8,0.4,1.5,2.1,11.0
106,Jarrett Culver\culveja01,SG,20,MIN,19,9,23.7,3.6,9.6,.372,1.1,3.9,.280,2.5,5.7,.435,.429,0.9,2.2,.405,1.0,2.2,3.2,2.3,0.9,0.5,1.4,2.2,9.2
107,Seth Curry\curryse01,SG,29,DAL,17,9,20.6,2.5,6.0,.422,1.4,3.8,.369,1.1,2.2,.514,.539,1.3,1.4,.917,0.4,1.2,1.5,1.5,0.5,0.2,0.8,1.7,7.8
108,Stephen Curry\curryst01,PG,31,GSW,4,4,28.0,6.8,16.5,.409,2.3,9.3,.243,4.5,7.3,.621,.477,4.5,4.5,1.000,1.0,4.0,5.0,6.5,1.3,0.5,3.8,2.5,20.3
109,Troy Daniels\danietr01,SG,28,LAL,15,0,15.2,1.8,5.1,.355,1.1,3.7,.309,0.7,1.4,.476,.467,0.2,0.2,1.000,0.2,1.1,1.3,0.4,0.3,0.1,0.3,0.6,4.9
110,Anthony Davis\davisan02,PF,26,LAL,19,19,34.6,9.1,18.9,.479,1.2,3.4,.344,7.9,15.5,.508,.510,6.8,7.8,.872,2.6,6.7,9.3,3.4,1.5,2.8,2.5,2.4,26.1
111,Ed Davis\davised01,C,30,UTA,8,0,12.3,0.6,1.5,.417,0.0,0.0,,0.6,1.5,.417,.417,0.3,0.5,.500,1.6,3.8,5.4,0.3,0.3,0.5,1.0,2.4,1.5
112,Terence Davis\daviste02,SG,22,TOR,19,0,15.9,2.6,5.1,.505,1.2,2.7,.442,1.4,2.4,.578,.624,0.6,0.7,.923,0.6,2.5,3.1,2.1,0.4,0.3,0.7,2.0,7.0
113,Dewayne Dedmon\dedmode01,C,30,SAC,18,4,15.1,2.2,5.3,.411,0.6,2.4,.227,1.6,2.8,.569,.463,0.6,0.7,.846,1.3,2.7,4.1,0.4,0.4,0.4,1.4,2.6,5.5
114,Matthew Dellavedova\dellama01,PG,29,CLE,17,0,13.6,0.8,3.1,.250,0.2,1.8,.097,0.6,1.2,.476,.279,0.7,0.8,.923,0.2,1.2,1.4,2.2,0.4,0.1,0.9,1.6,2.4
115,DeMar DeRozan\derozde01,SF,30,SAS,21,21,33.6,8.3,15.9,.526,0.1,0.4,.250,8.2,15.5,.532,.529,4.9,6.0,.816,0.5,5.0,5.5,4.5,1.0,0.5,2.5,2.9,21.6
116,Cheick Diallo\diallch01,C,23,PHO,13,0,9.5,2.4,3.0,.795,0.0,0.0,,2.4,3.0,.795,.795,0.6,0.7,.889,0.8,2.0,2.8,0.5,0.0,0.3,0.5,1.0,5.4
117,Hamidou Diallo\diallha01,SF,21,OKC,12,1,21.3,3.8,7.7,.500,0.2,1.1,.154,3.7,6.6,.557,.511,0.9,1.5,.611,1.2,2.7,3.8,0.8,1.5,0.3,1.2,2.4,8.8
118,Gorgui Dieng\dienggo01,C,30,MIN,15,2,12.7,2.1,4.5,.456,0.5,1.6,.333,1.5,2.9,.523,.515,0.8,1.1,.750,1.0,3.4,4.4,1.3,0.7,1.1,0.6,1.3,5.5
119,Spencer Dinwiddie\dinwisp01,SG,26,BRK,20,9,29.1,6.6,15.7,.422,2.0,6.2,.325,4.6,9.5,.484,.486,5.5,6.3,.872,0.2,2.6,2.8,5.9,0.8,0.6,2.5,3.5,20.7
120,Donte DiVincenzo\divindo01,SG,23,MIL,17,10,21.0,3.3,7.6,.434,1.4,3.8,.359,1.9,3.8,.508,.523,0.6,0.9,.688,0.9,3.4,4.3,1.5,1.4,0.1,1.0,1.7,8.6
121,Luka Dončić\doncilu01,PG,20,DAL,19,19,34.1,9.8,20.4,.483,3.1,9.4,.330,6.7,10.9,.615,.559,7.8,9.4,.827,1.5,8.4,9.9,9.6,1.5,0.2,4.6,2.6,30.6
122,Damyean Dotson\dotsoda01,SG,25,NYK,16,0,15.6,2.1,5.3,.400,0.9,2.9,.304,1.3,2.4,.513,.482,0.4,0.6,.778,0.1,1.6,1.7,1.1,0.5,0.3,0.5,0.8,5.6
123,Sekou Doumbouya\doumbse01,SF,19,DET,2,0,2.5,1.0,1.5,.667,0.0,0.5,.000,1.0,1.0,1.000,.667,0.0,0.5,.000,0.0,0.0,0.0,0.0,0.0,0.0,0.0,0.0,2.0
124,Goran Dragić\dragigo01,PG,33,MIA,18,1,28.7,5.4,11.6,.466,2.2,5.3,.406,3.2,6.2,.518,.560,3.0,4.2,.711,0.3,2.9,3.2,5.0,0.7,0.2,2.6,1.8,15.9
125,Andre Drummond\drumman01,C,26,DET,20,20,34.1,7.2,13.3,.543,0.0,0.5,.000,7.2,12.8,.565,.543,2.7,4.3,.624,4.7,12.4,17.1,3.1,1.5,1.8,4.0,4.0,17.1
126,Jared Dudley\dudleja01,SF,34,LAL,12,0,7.4,0.3,0.8,.400,0.3,0.6,.571,0.0,0.3,.000,.600,0.2,0.2,1.000,0.1,0.7,0.8,0.8,0.3,0.1,0.2,0.7,1.2
127,Kris Dunn\dunnkr01,PG,25,CHI,20,1,20.5,2.7,6.4,.422,0.4,2.0,.175,2.4,4.4,.534,.449,0.5,0.7,.692,0.5,2.6,3.1,3.1,2.0,0.3,1.0,3.3,6.2
128,Carsen Edwards\edwarca01,SG,21,BOS,17,0,11.3,1.4,4.4,.307,0.8,2.6,.318,0.5,1.8,.290,.400,0.5,0.6,.818,0.3,1.6,1.9,0.9,0.4,0.1,0.5,1.1,4.1
129,Henry Ellenson\ellenhe01,PF,23,BRK,1,0,3.0,0.0,0.0,,0.0,0.0,,0.0,0.0,,,0.0,0.0,,0.0,0.0,0.0,0.0,0.0,0.0,0.0,0.0,0.0
130,Wayne Ellington\ellinwa01,SG,32,NYK,16,1,14.9,1.6,4.7,.333,1.3,4.1,.318,0.3,0.6,.444,.473,0.3,0.4,.667,0.1,1.7,1.8,0.9,0.1,0.1,0.7,1.2,4.7
131,Joel Embiid\embiijo01,C,25,PHI,16,16,30.1,7.4,16.1,.457,1.2,3.9,.306,6.2,12.3,.505,.494,6.9,8.4,.815,2.7,9.6,12.3,2.8,0.9,1.4,2.9,3.4,22.8
132,James Ennis\ennisja01,SF,29,PHI,20,0,16.7,2.6,4.9,.536,0.9,2.1,.439,1.7,2.8,.607,.629,1.4,1.8,.771,1.3,2.2,3.5,0.8,0.5,0.3,0.7,1.9,7.5
133,Drew Eubanks\eubandr01,PF,22,SAS,3,0,8.3,1.3,3.0,.444,0.0,0.0,,1.3,3.0,.444,.444,0.3,0.3,1.000,1.7,2.0,3.7,0.3,0.0,0.3,1.0,1.3,3.0
134,Jacob Evans\evansja02,SG,22,GSW,3,0,14.3,1.7,4.0,.417,1.3,2.7,.500,0.3,1.3,.250,.583,1.3,1.3,1.000,0.3,1.3,1.7,0.7,0.0,0.0,0.3,0.7,6.0
135,Dante Exum\exumda01,SG,24,UTA,7,0,7.4,1.0,2.0,.500,0.3,0.6,.500,0.7,1.4,.500,.571,0.3,0.3,1.000,0.4,0.7,1.1,0.6,0.1,0.1,0.7,0.7,2.6
136,Tacko Fall\fallta01,C,24,BOS,1,0,4.0,2.0,4.0,.500,0.0,0.0,,2.0,4.0,.500,.500,0.0,0.0,,0.0,3.0,3.0,0.0,0.0,0.0,1.0,2.0,4.0
137,Derrick Favors\favorde01,C,28,NOP,9,7,21.0,4.0,6.4,.621,0.1,0.2,.500,3.9,6.2,.625,.629,0.2,0.7,.333,3.4,5.4,8.9,2.1,0.6,0.4,1.6,2.3,8.3
138,Terrance Ferguson\fergute01,SF,21,OKC,18,18,25.8,2.0,4.7,.424,1.2,3.3,.356,0.8,1.4,.577,.547,0.4,0.5,.778,0.6,1.2,1.8,0.9,0.6,0.3,0.7,3.0,5.6
139,Bruno Fernando\fernabr01,C,21,ATL,20,0,13.0,2.0,3.5,.557,0.2,0.7,.286,1.8,2.8,.625,.586,0.7,1.1,.591,1.3,1.8,3.1,1.2,0.3,0.5,1.1,1.7,4.8
140,Yogi Ferrell\ferreyo01,PG,26,SAC,14,0,12.4,1.6,3.9,.400,0.4,1.4,.300,1.1,2.5,.457,.455,0.9,1.1,.867,0.3,1.3,1.6,1.4,0.3,0.1,0.7,0.8,4.5
141,Dorian Finney-Smith\finnedo01,PF,26,DAL,19,16,26.4,3.2,6.7,.469,1.2,3.6,.333,1.9,3.1,.627,.559,1.2,1.7,.697,1.8,3.3,5.2,0.9,0.6,0.4,0.9,1.9,8.7
142,Bryn Forbes\forbebr01,SG,26,SAS,21,21,26.8,4.3,11.0,.396,2.3,6.8,.345,2.0,4.2,.477,.502,1.5,1.6,.912,0.3,2.2,2.5,2.0,0.5,0.0,0.7,1.8,12.5
143,Evan Fournier\fournev01,SG,27,ORL,19,19,30.7,6.6,13.9,.477,2.6,6.1,.426,4.1,7.8,.517,.570,3.3,3.9,.851,0.1,2.9,3.0,3.3,1.1,0.2,2.1,2.2,19.2
144,De'Aaron Fox\foxde01,PG,22,SAC,9,9,32.0,6.1,14.2,.430,1.1,3.3,.333,5.0,10.9,.459,.469,4.9,6.9,.710,0.6,3.4,4.0,7.0,0.8,0.6,4.1,3.0,18.2
145,Melvin Frazier\frazime01,SG,23,ORL,3,0,2.7,0.3,1.7,.200,0.0,0.3,.000,0.3,1.3,.250,.200,0.0,0.0,,0.3,0.0,0.3,0.3,0.0,0.0,0.0,0.0,0.7
146,Tim Frazier\fraziti01,PG,29,DET,11,4,11.7,0.7,3.5,.205,0.3,1.2,.231,0.5,2.4,.192,.244,1.0,1.3,.786,0.3,0.6,0.9,3.0,0.7,0.1,1.1,1.5,2.7
147,Markelle Fultz\fultzma01,PG,21,ORL,19,14,25.2,4.8,9.7,.495,0.4,1.9,.216,4.4,7.7,.565,.516,1.7,2.1,.800,0.5,1.9,2.4,3.8,1.3,0.2,1.7,2.3,11.7
148,Wenyen Gabriel\gabriwe01,PF,22,SAC,7,0,6.7,0.7,2.3,.313,0.1,1.1,.125,0.6,1.1,.500,.344,0.7,1.3,.556,0.6,0.6,1.1,0.4,0.3,0.3,0.4,0.9,2.3
149,Daniel Gafford\gaffoda01,C,21,CHI,11,0,9.8,1.6,2.5,.667,0.0,0.0,,1.6,2.5,.667,.667,0.6,1.3,.500,1.0,0.9,1.9,0.1,0.0,0.6,0.1,1.4,3.9
150,Danilo Gallinari\gallida01,PF,31,OKC,19,19,29.9,5.5,12.4,.445,2.8,6.6,.421,2.7,5.8,.473,.557,4.6,5.1,.917,0.5,5.1,5.5,2.2,0.6,0.1,1.3,1.5,18.5
151,Langston Galloway\gallola01,SG,28,DET,20,6,27.7,3.8,8.9,.429,2.4,5.8,.417,1.4,3.1,.452,.565,2.2,2.4,.915,0.4,1.9,2.2,1.7,0.6,0.4,0.9,1.3,12.2
152,Darius Garland\garlada01,PG,20,CLE,19,19,28.2,4.1,10.8,.380,1.7,4.4,.381,2.4,6.4,.380,.459,1.1,1.3,.833,0.2,1.3,1.5,3.1,0.8,0.0,2.6,1.3,10.9
153,Marc Gasol\gasolma01,C,35,TOR,19,19,28.4,2.0,6.2,.322,1.2,3.3,.371,0.8,2.9,.268,.419,0.9,1.1,.810,0.7,5.8,6.5,3.5,0.5,1.0,1.3,3.2,6.1
154,Rudy Gay\gayru01,PF,33,SAS,21,2,23.2,4.2,9.0,.468,0.9,3.2,.279,3.3,5.7,.575,.519,2.0,2.3,.875,1.3,4.6,6.0,1.9,0.4,0.6,1.6,1.6,11.3
155,Paul George\georgpa01,SF,29,LAC,10,10,29.5,7.3,16.9,.432,3.8,9.7,.392,3.5,7.2,.486,.544,5.0,5.3,.943,0.6,5.7,6.3,3.6,1.4,0.4,3.7,2.3,23.4
156,Taj Gibson\gibsota01,C,34,NYK,18,12,16.1,2.4,4.6,.530,0.1,0.3,.200,2.4,4.3,.551,.536,0.5,0.7,.692,2.0,2.3,4.3,1.1,0.7,0.1,0.7,2.3,5.4
157,Harry Giles\gilesha01,PF,21,SAC,7,0,7.4,1.6,3.6,.440,0.0,0.0,,1.6,3.6,.440,.440,0.3,0.3,1.000,0.4,0.6,1.0,0.7,0.3,0.4,0.7,1.9,3.4
158,Shai Gilgeous-Alexander\gilgesh01,SG,21,OKC,19,19,34.3,6.8,15.5,.437,1.5,4.1,.359,5.3,11.4,.465,.485,3.2,4.1,.779,0.8,4.3,5.1,3.1,0.9,0.5,2.2,1.8,18.2
159,Rudy Gobert\goberru01,C,27,UTA,18,18,34.3,4.8,7.6,.640,0.0,0.0,,4.8,7.6,.640,.640,3.6,5.7,.631,3.3,10.5,13.8,1.1,0.9,2.0,2.3,3.2,13.3
160,Aaron Gordon\gordoaa01,PF,24,ORL,16,16,30.5,4.4,11.3,.392,1.1,3.9,.274,3.4,7.4,.454,.439,2.5,3.4,.727,1.6,4.8,6.4,2.9,0.7,0.5,1.4,2.4,12.4
161,Eric Gordon\gordoer01,SG,31,HOU,9,2,29.4,3.8,12.2,.309,2.3,8.2,.284,1.4,4.0,.361,.405,1.0,1.6,.643,0.3,1.6,1.9,0.8,0.6,0.2,1.3,2.3,10.9
162,Devonte' Graham\grahade01,PG,24,CHO,21,11,33.2,6.0,14.4,.417,3.4,8.2,.413,2.6,6.2,.423,.535,2.8,3.5,.797,0.8,2.7,3.5,7.4,0.6,0.2,3.1,1.6,18.2
163,Treveon Graham\grahatr01,SG,26,MIN,18,17,24.4,2.3,6.9,.336,0.6,3.1,.196,1.7,3.8,.449,.380,1.0,1.2,.818,1.1,2.8,3.9,1.2,0.7,0.1,0.7,2.5,6.3
164,Jerami Grant\grantje01,PF,25,DEN,17,0,22.5,3.5,8.1,.438,1.0,3.2,.315,2.5,4.9,.518,.500,1.3,2.1,.629,0.6,3.1,3.6,1.0,0.4,0.5,0.7,1.6,9.4
165,Josh Gray\grayjo01,PG,26,NOP,2,0,11.5,0.5,1.0,.500,0.0,0.0,,0.5,1.0,.500,.500,0.0,0.0,,0.5,0.5,1.0,1.0,0.0,0.0,2.5,0.5,1.0
166,Danny Green\greenda02,SG,32,LAL,20,20,25.4,3.1,7.0,.446,2.0,4.9,.398,1.2,2.1,.561,.586,0.4,0.6,.727,0.7,2.7,3.3,1.2,1.3,0.5,1.1,2.4,8.6
167,Draymond Green\greendr01,PF,29,GSW,13,13,27.8,3.2,7.8,.406,0.8,2.6,.294,2.4,5.2,.463,.455,1.5,1.9,.760,0.5,6.1,6.5,5.6,1.3,0.5,2.0,2.5,8.5
168,JaMychal Green\greenja01,PF,29,LAC,21,0,22.1,2.6,6.3,.417,1.6,4.2,.382,1.0,2.0,.488,.545,0.9,1.0,.857,1.4,5.5,6.9,0.5,0.6,0.3,1.0,2.5,7.7
169,Javonte Green\greenja02,SF,26,BOS,13,0,6.5,1.3,2.4,.548,0.2,0.8,.300,1.1,1.6,.667,.597,0.2,0.4,.400,0.2,0.7,0.9,0.2,0.3,0.0,0.2,0.8,3.0
170,Jeff Green\greenje02,PF,33,UTA,20,1,18.9,2.4,6.6,.366,1.2,3.6,.319,1.3,3.0,.424,.454,2.2,2.7,.796,0.4,2.5,2.9,0.6,0.5,0.5,1.2,1.7,8.1
171,Blake Griffin\griffbl01,PF,30,DET,8,8,29.0,6.1,14.6,.419,1.4,5.8,.239,4.8,8.9,.535,.466,4.9,6.1,.796,1.3,3.5,4.8,3.6,0.3,0.4,2.8,1.5,18.5
172,Marko Guduric\gudurma01,SG,24,MEM,19,0,15.6,2.1,5.4,.392,0.8,2.5,.319,1.3,2.9,.455,.466,0.5,0.5,1.000,0.5,1.5,2.0,1.5,0.3,0.2,1.2,1.0,5.5
173,Rui Hachimura\hachiru01,PF,21,WAS,18,18,27.4,5.8,11.9,.486,0.4,1.9,.229,5.3,9.9,.536,.505,1.3,1.6,.828,1.6,4.0,5.6,1.6,0.8,0.2,0.8,2.1,13.3
174,Devon Hall\hallde01,SG,24,OKC,2,0,7.5,0.5,2.0,.250,0.0,1.0,.000,0.5,1.0,.500,.250,1.5,2.0,.750,0.0,0.5,0.5,1.0,0.0,0.0,0.5,0.5,2.5
175,Tim Hardaway\hardati02,SG,27,DAL,19,6,24.4,4.3,10.3,.413,2.3,6.2,.364,2.0,4.1,.487,.523,1.9,2.4,.800,0.3,1.8,2.1,1.8,0.6,0.1,0.6,2.1,12.7
176,James Harden\hardeja01,SG,30,HOU,19,19,36.8,10.7,24.1,.446,4.9,13.9,.355,5.8,10.1,.573,.549,12.5,14.4,.865,0.9,5.1,5.9,7.8,1.7,0.5,5.3,3.1,38.9
177,Maurice Harkless\harklma01,SF,26,LAC,21,11,22.1,2.3,4.6,.510,0.5,1.4,.379,1.8,3.2,.567,.568,0.5,1.0,.500,0.9,2.1,3.0,1.1,1.0,0.8,1.0,3.1,5.7
178,Jared Harper\harpeja01,PG,22,PHO,1,0,2.0,0.0,1.0,.000,0.0,1.0,.000,0.0,0.0,,.000,0.0,0.0,,0.0,0.0,0.0,0.0,0.0,0.0,0.0,0.0,0.0
179,Montrezl Harrell\harremo01,C,26,LAC,21,2,29.7,7.8,13.2,.590,0.0,0.4,.000,7.8,12.9,.607,.590,3.1,4.8,.653,3.0,5.0,8.0,2.2,0.9,1.2,1.9,2.2,18.8
180,Gary Harris\harriga01,SG,25,DEN,17,17,32.3,4.2,10.1,.413,1.5,4.2,.347,2.7,5.9,.460,.485,1.3,1.7,.759,0.5,2.8,3.3,1.8,1.3,0.4,0.9,2.2,11.1
181,Joe Harris\harrijo01,SF,28,BRK,20,20,31.9,5.5,11.4,.482,2.9,6.5,.442,2.7,5.0,.535,.607,0.8,1.0,.750,0.9,3.1,4.0,1.8,0.8,0.4,1.4,2.6,14.6
182,Tobias Harris\harrito02,PF,27,PHI,20,20,34.2,7.2,14.5,.493,1.3,4.2,.301,5.9,10.4,.570,.536,2.5,3.3,.769,0.7,6.4,7.1,3.2,1.1,0.8,2.1,3.0,18.1
183,Shaquille Harrison\harrish01,SF,26,CHI,12,4,9.8,1.4,3.6,.395,0.3,0.8,.333,1.2,2.8,.412,.430,0.7,1.2,.571,0.4,1.8,2.3,1.4,0.4,0.3,0.4,1.2,3.8
184,Josh Hart\hartjo01,SF,24,NOP,13,4,28.2,3.9,8.8,.443,2.2,5.9,.377,1.7,2.9,.579,.570,1.9,2.5,.781,1.3,5.3,6.6,1.5,1.3,0.5,1.5,2.7,12.0
185,Isaiah Hartenstein\harteis01,C,21,HOU,7,0,13.4,1.6,2.1,.733,0.0,0.1,.000,1.6,2.0,.786,.733,1.3,1.6,.818,1.1,2.4,3.6,0.6,0.3,0.6,0.9,2.1,4.4
186,Udonis Haslem\hasleud01,PF,39,MIA,2,0,5.5,0.5,0.5,1.000,0.0,0.0,,0.5,0.5,1.000,1.000,1.5,2.0,.750,0.0,1.5,1.5,0.0,0.0,0.0,0.0,1.5,2.5
187,Jaxson Hayes\hayesja02,C,19,NOP,17,7,19.8,3.2,5.4,.604,0.0,0.1,.000,3.2,5.2,.618,.604,1.8,2.8,.638,1.9,2.5,4.4,0.7,0.8,1.0,0.9,3.1,8.2
188,Gordon Hayward\haywago01,SF,29,BOS,8,8,31.1,7.6,13.8,.555,1.6,3.8,.433,6.0,10.0,.600,.614,2.0,2.4,.842,0.8,6.4,7.1,4.1,0.8,0.3,1.9,1.9,18.9
189,John Henson\hensojo01,PF,29,CLE,1,0,8.0,1.0,2.0,.500,0.0,1.0,.000,1.0,1.0,1.000,.500,1.0,6.0,.167,2.0,1.0,3.0,0.0,2.0,2.0,1.0,0.0,3.0
190,Dewan Hernandez\hernade01,C,23,TOR,3,0,3.0,0.3,1.7,.200,0.0,0.3,.000,0.3,1.3,.250,.200,0.7,0.7,1.000,0.7,1.7,2.3,0.0,0.3,0.0,0.3,1.7,1.3
191,Juan Hernangómez\hernaju01,PF,24,DEN,10,0,13.0,1.2,2.7,.444,0.7,1.8,.389,0.5,0.9,.556,.574,0.3,0.7,.429,0.4,2.1,2.5,0.7,0.0,0.3,0.7,0.7,3.4
192,Willy Hernangómez\hernawi01,C,25,CHO,7,0,8.1,1.3,2.9,.450,0.3,0.7,.400,1.0,2.1,.467,.500,0.6,1.1,.500,1.3,1.7,3.0,0.3,0.1,0.4,0.7,0.6,3.4
193,Tyler Herro\herroty01,SG,20,MIA,18,3,29.2,5.2,11.4,.451,2.1,5.2,.404,3.1,6.2,.491,.544,2.0,2.4,.818,0.3,3.7,4.1,2.1,0.7,0.1,2.2,1.4,14.4
194,Mario Hezonja\hezonma01,PF,24,POR,18,4,18.2,1.7,4.6,.361,0.6,1.6,.345,1.1,3.0,.370,.422,1.1,1.3,.826,0.6,4.0,4.6,1.0,0.7,0.1,1.0,2.3,4.9
195,Buddy Hield\hieldbu01,SG,27,SAC,18,18,33.4,7.3,17.6,.416,3.8,10.2,.375,3.5,7.4,.474,.525,2.0,2.3,.878,0.8,3.8,4.6,2.4,0.8,0.4,2.8,2.6,20.5
196,George Hill\hillge01,PG,33,MIL,18,0,22.1,3.4,6.4,.530,1.6,3.2,.509,1.8,3.2,.552,.657,1.3,1.7,.800,1.0,1.9,2.9,3.2,0.7,0.1,0.6,1.8,9.7
197,Solomon Hill\hillso01,SF,28,MEM,17,0,18.0,2.0,4.6,.430,1.1,2.7,.413,0.9,1.9,.455,.551,0.6,0.9,.625,0.6,2.6,3.2,1.6,0.7,0.1,0.8,1.6,5.7
198,Jaylen Hoard\hoardja01,SF,20,POR,3,0,3.7,0.3,0.7,.500,0.0,0.0,,0.3,0.7,.500,.500,0.0,0.0,,0.3,1.0,1.3,0.3,0.3,0.0,0.0,0.3,0.7
199,Aaron Holiday\holidaa01,PG,23,IND,17,8,21.6,3.6,8.9,.404,1.5,3.7,.397,2.1,5.2,.409,.487,0.5,0.6,.900,0.5,2.2,2.7,3.1,1.0,0.1,1.5,1.7,9.2
200,Jrue Holiday\holidjr01,SG,29,NOP,18,18,36.2,7.7,17.4,.441,1.9,5.4,.357,5.7,11.9,.479,.497,2.1,2.7,.792,1.1,3.9,5.0,7.1,2.0,0.7,3.4,2.4,19.4
201,Justin Holiday\holidju01,SG,30,IND,19,2,25.1,2.6,6.4,.402,1.5,4.1,.364,1.1,2.4,.467,.516,1.0,1.2,.826,0.4,3.4,3.8,1.7,1.1,0.7,0.6,1.8,7.6
202,Rondae Hollis-Jefferson\holliro01,SF,25,TOR,12,0,22.4,3.8,6.8,.568,0.0,0.2,.000,3.8,6.6,.582,.568,2.0,2.7,.750,2.8,3.5,6.3,1.8,0.8,0.4,1.2,2.1,9.7
203,Richaun Holmes\holmeri01,C,26,SAC,18,14,27.4,4.7,7.3,.649,0.0,0.0,,4.7,7.3,.649,.649,1.6,2.1,.763,2.4,5.8,8.2,0.9,0.8,1.5,1.1,4.1,11.1
204,Rodney Hood\hoodro01,SF,27,POR,18,18,30.4,4.6,8.7,.532,1.8,3.6,.508,2.8,5.1,.549,.638,1.2,1.5,.778,0.5,3.1,3.6,1.6,0.9,0.2,0.9,2.3,12.2
205,Al Horford\horfoal01,C,33,PHI,18,18,31.2,5.9,12.2,.482,1.4,4.0,.347,4.5,8.2,.547,.539,1.2,1.8,.667,1.8,5.2,7.0,4.1,1.1,0.9,1.2,2.2,14.4
206,Danuel House\houseda01,SF,26,HOU,14,13,29.7,3.9,8.3,.474,2.6,5.8,.444,1.4,2.5,.543,.629,1.9,2.4,.794,1.1,3.4,4.6,1.1,1.3,0.7,0.9,2.0,12.4
207,Dwight Howard\howardw01,C,34,LAL,20,0,19.9,2.7,3.6,.750,0.0,0.0,,2.7,3.6,.750,.750,1.4,2.5,.551,2.1,4.8,6.9,0.9,0.4,1.4,1.1,3.9,6.8
208,Kevin Huerter\huertke01,SG,21,ATL,10,3,22.5,3.2,7.5,.427,1.7,4.4,.386,1.5,3.1,.484,.540,1.2,1.5,.800,0.6,2.9,3.5,2.8,0.6,0.3,1.7,2.1,9.3
209,De'Andre Hunter\huntede01,SF,22,ATL,20,20,31.7,4.3,10.8,.394,1.7,4.7,.366,2.6,6.2,.415,.472,1.7,2.2,.773,0.5,3.6,4.1,1.8,0.6,0.3,1.9,2.7,11.9
210,Chandler Hutchison\hutchch01,SF,23,CHI,9,6,17.1,2.2,4.9,.455,0.6,1.3,.417,1.7,3.6,.469,.511,2.1,3.2,.655,0.1,3.6,3.7,0.9,0.6,0.2,1.3,1.3,7.1
211,Serge Ibaka\ibakase01,C,30,TOR,9,0,22.7,5.4,10.9,.500,0.8,2.3,.333,4.7,8.6,.545,.536,2.2,2.7,.833,0.9,5.3,6.2,1.0,0.7,1.1,2.2,2.6,13.9
212,Ersan İlyasova\ilyaser01,PF,32,MIL,18,0,16.2,2.4,5.0,.489,0.8,2.6,.304,1.7,2.4,.682,.567,1.2,1.4,.840,1.2,3.4,4.6,0.6,0.4,0.3,0.3,1.7,6.8
213,Joe Ingles\inglejo01,SF,32,UTA,20,1,27.4,2.4,6.7,.353,1.4,4.5,.300,1.0,2.2,.465,.455,1.0,1.3,.769,0.3,3.9,4.1,3.3,0.8,0.1,1.3,2.2,7.1
214,Brandon Ingram\ingrabr01,PF,22,NOP,16,16,34.1,9.3,18.9,.488,2.4,5.7,.418,6.9,13.3,.519,.551,4.6,5.7,.813,0.9,6.5,7.4,4.0,0.8,1.1,2.9,2.9,25.5
215,Kyrie Irving\irvinky01,PG,27,BRK,11,11,33.8,10.2,22.9,.444,2.8,8.3,.341,7.4,14.6,.503,.506,5.4,5.7,.937,0.9,4.5,5.4,7.2,1.1,0.5,2.4,2.9,28.5
216,Jonathan Isaac\isaacjo01,SF,22,ORL,17,17,30.6,4.9,10.6,.464,1.3,3.8,.344,3.6,6.9,.530,.525,1.9,2.3,.821,1.9,5.6,7.5,1.4,1.4,2.8,1.6,2.4,13.1
217,Wesley Iwundu\iwundwe01,SF,25,ORL,10,3,14.2,0.8,3.3,.242,0.1,0.9,.111,0.7,2.4,.292,.258,1.5,1.8,.833,0.4,1.7,2.1,0.7,0.5,0.2,0.4,0.8,3.2
218,Frank Jackson\jacksfr01,PG,21,NOP,18,1,15.8,2.7,7.0,.389,1.1,3.3,.333,1.6,3.7,.439,.468,1.3,1.7,.800,0.3,1.2,1.5,1.1,0.4,0.1,1.0,1.7,7.9
219,Jaren Jackson\jacksja02,C,20,MEM,18,18,26.3,5.4,11.9,.456,2.1,5.2,.398,3.4,6.8,.500,.542,1.9,2.4,.795,1.3,3.6,4.8,1.3,0.4,1.1,1.8,4.0,14.9
220,Justin Jackson\jacksju01,PF,24,DAL,18,0,13.2,2.4,4.9,.500,1.2,2.5,.467,1.3,2.4,.535,.619,0.5,0.6,.818,0.4,2.0,2.4,0.4,0.2,0.1,0.2,1.1,6.6
221,Reggie Jackson\jacksre01,PG,29,DET,2,2,18.0,2.0,5.5,.364,0.5,2.5,.200,1.5,3.0,.500,.409,0.5,0.5,1.000,0.5,2.0,2.5,4.0,0.0,0.0,0.5,1.0,5.0
222,Justin James\jamesju01,SG,23,SAC,9,0,13.7,2.0,4.6,.439,0.3,1.4,.231,1.7,3.1,.536,.476,0.1,0.7,.167,0.1,1.8,1.9,0.9,0.4,0.6,0.2,0.9,4.4
223,LeBron James\jamesle01,PG,35,LAL,20,20,34.9,9.9,19.8,.501,2.0,5.8,.345,7.9,14.0,.566,.552,3.9,5.7,.681,1.0,6.2,7.2,10.9,1.5,0.6,3.8,1.6,25.7
224,Amile Jefferson\jeffeam01,PF,26,ORL,3,0,3.0,1.0,1.0,1.000,0.0,0.0,,1.0,1.0,1.000,1.000,0.0,0.0,,0.7,0.3,1.0,0.7,0.0,0.0,0.3,0.0,2.0
225,DaQuan Jeffries\jeffrda01,SG,22,SAC,2,0,5.5,0.5,0.5,1.000,0.0,0.0,,0.5,0.5,1.000,1.000,0.0,0.0,,0.5,0.0,0.5,0.5,0.0,0.0,0.0,0.5,1.0
226,Alize Johnson\johnsal02,SF,23,IND,7,0,5.1,0.7,1.6,.455,0.0,0.0,,0.7,1.6,.455,.455,0.4,0.6,.750,0.9,0.9,1.7,0.3,0.0,0.0,0.1,0.6,1.9
227,Cameron Johnson\johnsca02,PF,23,PHO,16,0,19.2,3.0,7.1,.425,1.9,4.7,.400,1.1,2.4,.474,.558,1.0,1.1,.941,0.8,2.1,2.9,0.8,0.6,0.3,0.6,1.7,8.9
228,James Johnson\johnsja01,PF,32,MIA,6,0,11.3,1.3,3.0,.444,0.3,1.5,.222,1.0,1.5,.667,.500,0.3,0.7,.500,0.3,1.5,1.8,0.7,0.5,0.3,0.7,0.8,3.3
229,Keldon Johnson\johnske04,SF,20,SAS,1,0,2.0,0.0,1.0,.000,0.0,0.0,,0.0,1.0,.000,.000,0.0,0.0,,0.0,0.0,0.0,0.0,0.0,0.0,0.0,0.0,0.0
230,Stanley Johnson\johnsst04,PF,23,TOR,5,0,3.8,0.6,1.8,.333,0.2,0.8,.250,0.4,1.0,.400,.389,0.0,0.0,,0.4,1.0,1.4,0.0,0.2,0.0,0.8,1.2,1.4
231,Tyler Johnson\johnsty01,SG,27,PHO,18,3,20.0,2.4,6.1,.400,1.0,3.0,.333,1.4,3.1,.464,.482,1.0,1.3,.750,0.3,1.7,1.9,2.3,0.3,0.3,1.1,1.6,6.9
232,Nikola Jokić\jokicni01,C,24,DEN,17,17,31.0,6.4,13.9,.458,0.9,4.1,.232,5.4,9.8,.551,.492,1.9,2.5,.767,2.2,8.2,10.4,6.0,1.1,0.5,2.6,3.3,15.6
233,Damian Jones\jonesda03,C,24,ATL,19,11,18.1,2.8,4.2,.684,0.1,0.3,.400,2.7,3.9,.703,.696,1.1,1.6,.700,1.5,2.1,3.5,0.7,0.5,0.8,0.6,3.4,6.9
234,Derrick Jones\jonesde02,SF,22,MIA,5,0,11.6,2.4,4.0,.600,0.2,0.8,.250,2.2,3.2,.688,.625,0.6,0.6,1.000,0.6,1.0,1.6,0.4,0.6,0.0,0.4,2.2,5.6
235,Tyus Jones\jonesty01,PG,23,MEM,19,2,19.6,2.5,6.5,.387,0.3,1.6,.200,2.2,4.9,.447,.411,0.8,1.2,.696,0.0,1.4,1.4,4.7,0.8,0.1,1.4,0.9,6.2
236,DeAndre Jordan\jordade01,C,31,BRK,17,3,21.5,3.4,4.9,.687,0.0,0.0,,3.4,4.9,.687,.687,1.3,2.1,.611,2.2,6.9,9.2,2.0,0.5,1.1,1.0,2.1,8.0
237,Cory Joseph\josepco01,PG,28,SAC,18,9,24.7,2.2,6.1,.367,0.3,1.4,.231,1.9,4.6,.410,.394,0.7,0.7,1.000,0.6,2.1,2.7,3.8,0.8,0.6,1.3,2.1,5.5
238,Mfiondu Kabengele\kabenmf01,C,22,LAC,5,0,3.8,0.8,1.8,.444,0.6,1.0,.600,0.2,0.8,.250,.611,0.4,0.4,1.000,0.0,0.6,0.6,0.0,0.0,0.2,0.0,0.6,2.6
239,Frank Kaminsky\kaminfr01,C,26,PHO,18,5,23.1,3.3,8.2,.401,1.1,3.7,.288,2.2,4.5,.494,.466,2.2,3.2,.684,0.9,4.4,5.3,2.1,0.3,0.4,1.1,2.1,9.8
240,Enes Kanter\kanteen01,C,27,BOS,12,3,16.4,3.0,5.3,.571,0.0,0.1,.000,3.0,5.2,.581,.571,1.8,2.8,.636,2.9,3.6,6.5,1.1,0.8,0.5,0.8,1.2,7.8
241,Luke Kennard\kennalu01,SG,23,DET,20,17,33.8,5.8,12.9,.447,2.7,6.7,.403,3.1,6.2,.496,.553,2.7,3.1,.885,0.3,3.3,3.6,4.3,0.5,0.2,1.4,2.3,16.9
242,Stanton Kidd\kiddst01,SF,27,UTA,4,0,3.8,0.0,0.8,.000,0.0,0.3,.000,0.0,0.5,.000,.000,0.0,0.0,,0.0,0.8,0.8,0.3,0.0,0.0,0.5,0.8,0.0
243,Michael Kidd-Gilchrist\kiddgmi01,PF,26,CHO,2,0,9.0,1.0,5.0,.200,0.5,1.5,.333,0.5,3.5,.143,.250,1.0,1.0,1.000,0.5,2.5,3.0,0.5,0.0,0.0,0.5,1.5,3.5
244,Maxi Kleber\klebima01,C,28,DAL,18,5,25.3,2.7,6.6,.415,1.4,4.0,.361,1.3,2.6,.500,.525,1.1,1.2,.864,1.6,4.4,6.0,1.1,0.2,0.7,0.7,2.1,7.9
245,Brandon Knight\knighbr03,PG,28,CLE,6,0,12.7,1.8,5.3,.344,1.5,4.3,.346,0.3,1.0,.333,.484,0.3,0.7,.500,0.2,1.0,1.2,2.0,0.3,0.0,1.0,1.3,5.5
246,Kevin Knox\knoxke01,SF,20,NYK,19,2,19.9,2.6,6.6,.389,1.4,3.6,.377,1.2,3.0,.404,.492,1.5,2.3,.651,0.5,2.5,3.0,1.4,0.5,0.3,0.7,1.7,8.0
247,John Konchar\konchjo01,SG,23,MEM,1,0,7.0,0.0,0.0,,0.0,0.0,,0.0,0.0,,,0.0,0.0,,0.0,0.0,0.0,0.0,0.0,0.0,0.0,0.0,0.0
248,Furkan Korkmaz\korkmfu01,SG,22,PHI,19,7,22.9,3.3,7.6,.434,1.7,4.8,.363,1.6,2.8,.556,.548,0.8,1.0,.789,0.2,2.1,2.3,0.8,0.3,0.3,0.8,1.7,9.2
249,Luke Kornet\kornelu01,C,24,CHI,11,0,11.5,1.4,4.0,.341,0.5,2.2,.208,0.9,1.8,.500,.398,0.5,0.5,1.000,0.5,1.4,1.8,0.5,0.2,0.8,0.3,1.1,3.6
250,Kyle Korver\korveky01,SF,38,MIL,16,0,14.8,1.9,5.0,.375,1.6,4.1,.385,0.3,0.9,.333,.531,0.4,0.5,.750,0.4,1.2,1.6,0.4,0.4,0.3,0.8,0.8,5.7
251,Rodions Kurucs\kurucro01,PF,21,BRK,10,0,9.9,0.9,2.3,.391,0.3,0.7,.429,0.6,1.6,.375,.457,0.2,0.6,.333,0.5,1.7,2.2,0.1,0.5,0.0,1.2,1.6,2.3
252,Kyle Kuzma\kuzmaky01,PF,24,LAL,16,1,22.5,4.1,9.4,.440,1.6,4.7,.333,2.6,4.7,.547,.523,1.4,1.9,.767,0.4,3.1,3.4,0.8,0.1,0.3,1.7,1.9,11.3
253,Skal Labissière\labissk01,C,23,POR,20,0,16.8,2.8,4.9,.567,0.1,0.4,.286,2.7,4.5,.589,.577,0.8,1.1,.682,2.1,3.0,5.1,1.2,0.3,1.1,1.2,2.8,6.4
254,Jeremy Lamb\lambje01,SG,27,IND,10,10,33.0,6.5,13.4,.485,1.2,4.0,.300,5.3,9.4,.564,.530,2.9,3.4,.853,0.6,5.0,5.6,2.9,1.0,0.7,1.5,2.3,17.1
255,Romeo Langford\langfro01,SG,20,BOS,1,0,0.0,0.0,0.0,,0.0,0.0,,0.0,0.0,,,0.0,0.0,,0.0,0.0,0.0,0.0,0.0,0.0,0.0,0.0,0.0
256,Zach LaVine\lavinza01,SG,24,CHI,20,20,32.1,7.8,18.1,.431,3.0,7.4,.401,4.9,10.8,.451,.512,3.6,4.5,.809,0.8,3.3,4.1,4.0,1.3,0.5,3.3,2.6,22.2
257,Jake Layman\laymaja01,PF,25,MIN,14,2,26.4,4.4,9.4,.462,1.4,3.9,.352,3.0,5.6,.538,.534,0.4,0.7,.600,0.9,2.1,2.9,0.8,0.9,0.7,1.3,2.2,10.5
258,T.J. Leaf\leaftj01,PF,22,IND,15,1,10.5,1.7,3.9,.448,0.3,0.7,.455,1.4,3.1,.447,.491,0.3,0.5,.625,1.3,2.5,3.8,0.4,0.5,0.2,0.4,0.9,4.1
259,Courtney Lee\leeco01,SG,34,DAL,5,3,9.4,2.0,3.4,.588,0.8,1.4,.571,1.2,2.0,.600,.706,0.0,0.0,,0.0,0.4,0.4,0.6,0.0,0.4,0.0,1.0,4.8
260,Damion Lee\leeda03,SG,27,GSW,11,0,21.9,3.2,8.3,.385,1.1,3.2,.343,2.1,5.1,.411,.451,2.5,3.0,.848,0.8,3.1,3.9,1.8,0.7,0.0,1.2,1.6,10.0
261,Alex Len\lenal01,C,26,ATL,19,9,16.7,2.5,5.2,.475,0.2,1.3,.160,2.3,3.9,.581,.495,1.4,2.1,.675,1.4,3.0,4.4,0.8,0.3,0.8,1.1,2.2,6.6
262,Kawhi Leonard\leonaka01,SF,28,LAC,15,15,31.4,9.4,20.9,.450,1.6,5.2,.308,7.8,15.7,.498,.489,5.5,6.5,.847,1.1,6.7,7.8,5.3,1.9,0.8,3.4,2.3,25.9
263,Meyers Leonard\leoname01,PF,27,MIA,19,19,18.9,2.5,4.2,.600,0.9,1.8,.529,1.6,2.4,.652,.713,0.2,0.4,.500,0.3,4.0,4.3,0.8,0.4,0.4,0.9,2.2,6.2
264,Caris LeVert\leverca01,SG,25,BRK,9,9,31.6,6.6,15.6,.421,1.4,4.0,.361,5.1,11.6,.442,.468,2.2,3.4,.645,1.1,3.9,5.0,4.0,0.7,0.1,3.4,2.2,16.8
265,Damian Lillard\lillada01,PG,29,POR,18,18,37.0,8.5,19.0,.447,3.3,9.0,.364,5.2,10.0,.522,.534,7.1,7.7,.920,0.6,4.2,4.8,7.3,1.1,0.5,2.8,2.1,27.3
266,Nassir Little\littlna01,PF,19,POR,13,3,15.9,1.8,4.3,.411,0.4,1.8,.217,1.4,2.5,.545,.455,0.8,1.4,.611,1.2,2.7,3.9,0.5,0.4,0.3,0.5,2.1,4.8
267,Kevon Looney\looneke01,C,23,GSW,1,1,10.0,1.0,4.0,.250,1.0,1.0,1.000,0.0,3.0,.000,.375,0.0,0.0,,5.0,4.0,9.0,1.0,0.0,0.0,1.0,3.0,3.0
268,Brook Lopez\lopezbr01,C,31,MIL,19,19,27.0,3.6,8.8,.411,1.5,5.1,.289,2.2,3.7,.577,.494,1.9,2.1,.925,0.6,4.4,4.9,1.6,0.7,2.4,1.1,2.3,10.7
269,Robin Lopez\lopezro01,C,31,MIL,20,1,14.0,2.0,3.9,.513,0.6,1.6,.344,1.5,2.3,.630,.583,0.4,0.8,.533,1.0,1.9,2.8,0.7,0.2,0.6,1.4,1.7,5.0
270,Kevin Love\loveke01,PF,31,CLE,16,16,31.6,5.2,11.6,.446,2.3,6.2,.364,2.9,5.4,.540,.543,4.6,5.3,.881,1.0,10.1,11.1,2.9,0.7,0.4,2.9,1.6,17.3
271,Kyle Lowry\lowryky01,PG,33,TOR,8,8,36.1,6.8,14.1,.478,3.6,8.5,.426,3.1,5.6,.556,.606,4.6,5.3,.881,0.3,4.0,4.3,6.5,1.1,0.4,3.4,2.9,21.8
272,Timothé Luwawu-Cabarrot\luwawti01,SG,24,BRK,2,0,3.0,0.0,1.0,.000,0.0,0.5,.000,0.0,0.5,.000,.000,0.5,1.0,.500,0.0,0.0,0.0,0.0,0.0,0.0,0.0,0.0,0.5
273,Trey Lyles\lylestr01,PF,24,SAS,21,14,17.3,1.7,3.7,.449,0.8,2.0,.395,0.9,1.7,.514,.558,0.2,0.4,.556,1.4,4.7,6.0,1.2,0.2,0.3,0.8,1.2,4.4
274,Daryl Macon\maconda01,SG,24,MIA,3,0,4.3,0.3,1.0,.333,0.3,0.7,.500,0.0,0.3,.000,.500,0.0,0.0,,0.0,0.0,0.0,0.3,0.0,0.0,0.7,0.3,1.0
275,Josh Magette\magetjo01,PG,30,ORL,2,0,4.0,1.0,2.5,.400,0.0,0.0,,1.0,2.5,.400,.400,0.0,0.0,,0.5,0.5,1.0,1.0,1.0,0.0,0.0,0.0,2.0
276,Thon Maker\makerth01,C,22,DET,18,0,11.8,1.1,2.2,.500,0.3,0.7,.462,0.8,1.5,.519,.575,0.9,1.7,.516,0.6,1.4,1.9,0.5,0.3,0.7,0.6,1.6,3.4
277,Terance Mann\mannte01,SG,23,LAC,16,3,8.4,1.0,1.9,.516,0.1,0.4,.167,0.9,1.6,.600,.532,0.4,0.5,.875,0.1,1.1,1.3,1.1,0.3,0.1,0.6,1.1,2.5
278,Boban Marjanović\marjabo01,C,31,DAL,9,1,12.0,2.8,5.4,.510,0.0,0.1,.000,2.8,5.3,.521,.510,1.1,1.3,.833,1.4,2.9,4.3,0.6,0.2,0.1,0.8,1.7,6.7
279,Lauri Markkanen\markkla01,PF,22,CHI,20,20,29.5,4.0,11.5,.349,1.6,5.5,.282,2.5,6.0,.412,.417,3.7,4.6,.813,1.0,6.0,7.0,1.8,0.9,0.5,1.9,1.9,13.3
280,Caleb Martin\martica02,SF,24,CHO,3,0,8.3,0.7,3.0,.222,0.0,1.0,.000,0.7,2.0,.333,.222,0.3,1.0,.333,0.0,1.3,1.3,1.0,0.3,0.7,1.0,0.7,1.7
281,Cody Martin\martico01,SF,24,CHO,16,0,11.8,0.9,2.6,.357,0.1,1.1,.056,0.9,1.5,.583,.369,0.9,1.4,.682,0.5,1.8,2.3,1.1,0.8,0.1,0.4,1.2,2.9
282,Kelan Martin\martike03,SF,24,MIN,8,0,14.5,1.9,5.5,.341,0.6,3.0,.208,1.3,2.5,.500,.398,0.0,0.0,,0.3,2.9,3.1,0.3,0.1,0.1,0.4,2.3,4.4
283,Frank Mason\masonfr01,PG,25,MIL,2,0,5.0,0.5,2.0,.250,0.5,1.0,.500,0.0,1.0,.000,.375,0.5,1.0,.500,0.0,0.0,0.0,1.0,0.0,0.0,0.0,0.5,2.0
284,Garrison Mathews\mathega01,SG,23,WAS,2,0,7.0,0.0,1.0,.000,0.0,1.0,.000,0.0,0.0,,.000,0.0,0.0,,0.0,0.5,0.5,1.0,0.0,0.0,0.5,1.5,0.0
285,Wesley Matthews\matthwe02,SG,33,MIL,20,20,24.7,2.9,6.4,.449,1.7,4.4,.391,1.2,2.0,.575,.583,1.0,1.2,.833,0.1,2.2,2.3,1.4,0.6,0.1,0.9,1.2,8.4
286,Patrick McCaw\mccawpa01,SF,24,TOR,2,0,20.0,1.5,2.5,.600,0.5,1.5,.333,1.0,1.0,1.000,.700,0.5,1.0,.500,1.0,2.0,3.0,1.5,1.5,0.0,1.5,1.5,4.0
287,CJ McCollum\mccolcj01,SG,28,POR,20,20,36.8,8.8,20.1,.439,2.6,6.7,.381,6.3,13.4,.468,.502,1.9,2.3,.822,0.9,3.8,4.6,3.8,0.8,0.8,2.2,2.9,22.0
288,T.J. McConnell\mccontj01,PG,27,IND,17,0,17.4,3.2,6.4,.509,0.1,0.2,.333,3.2,6.2,.514,.514,0.5,0.5,.889,0.5,2.4,2.9,4.7,0.6,0.2,1.5,1.4,7.0
289,Jalen McDaniels\mcdanja01,PF,22,CHO,1,0,3.0,1.0,2.0,.500,0.0,0.0,,1.0,2.0,.500,.500,0.0,0.0,,1.0,0.0,1.0,0.0,0.0,0.0,0.0,0.0,2.0
290,Doug McDermott\mcderdo01,PF,28,IND,19,0,20.8,3.3,7.5,.441,1.7,3.8,.438,1.6,3.7,.443,.552,0.4,0.5,.800,0.4,2.3,2.7,1.1,0.1,0.2,0.9,1.8,8.7
291,JaVale McGee\mcgeeja01,C,32,LAL,20,20,16.9,3.2,5.2,.612,0.0,0.0,,3.2,5.2,.612,.612,0.8,1.3,.640,2.0,4.5,6.4,0.8,0.6,1.2,0.9,2.1,7.1
292,Rodney McGruder\mcgruro01,SG,28,LAC,15,2,17.3,1.5,4.0,.383,0.7,2.3,.314,0.8,1.7,.480,.475,0.2,0.5,.375,0.7,1.7,2.4,0.8,0.3,0.2,0.5,1.7,4.0
293,Alfonzo McKinnie\mckinal01,SF,27,CLE,13,0,11.2,1.1,2.7,.400,0.5,1.2,.438,0.5,1.5,.368,.500,0.5,0.7,.667,0.5,1.8,2.2,0.2,0.4,0.2,0.5,1.3,3.2
294,Jordan McLaughlin\mclaujo01,PG,23,MIN,4,0,14.3,1.0,3.8,.267,0.3,2.0,.125,0.8,1.8,.429,.300,0.5,0.5,1.000,0.3,1.5,1.8,2.0,0.3,0.0,1.0,1.0,2.8
295,Ben McLemore\mclembe01,SG,26,HOU,19,5,20.8,2.6,7.1,.366,1.9,6.0,.316,0.7,1.1,.650,.500,1.1,1.3,.840,0.4,2.1,2.5,0.8,0.7,0.2,0.6,1.9,8.2
296,Jordan McRae\mcraejo01,SG,28,WAS,12,0,17.4,3.3,7.0,.476,0.9,2.3,.393,2.4,4.7,.518,.542,1.3,1.3,.938,0.3,2.3,2.5,2.7,0.5,0.3,1.1,2.0,8.8
297,Nicolò Melli\mellini01,C,29,NOP,18,3,16.1,2.0,4.8,.419,1.2,3.3,.350,0.8,1.4,.577,.541,0.9,1.1,.800,0.7,2.0,2.7,1.2,0.6,0.2,0.7,1.8,6.1
298,De'Anthony Melton\meltode01,PG,21,MEM,8,0,9.9,1.3,3.9,.323,0.5,1.5,.333,0.8,2.4,.316,.387,0.8,1.0,.750,0.4,1.5,1.9,2.1,1.0,0.3,0.9,0.9,3.8
299,Chimezie Metu\metuch01,PF,22,SAS,6,0,3.5,1.2,2.0,.583,0.0,0.0,,1.2,2.0,.583,.583,0.3,0.7,.500,1.2,0.7,1.8,0.3,0.0,0.3,0.0,0.0,2.7
300,Khris Middleton\middlkh01,SF,28,MIL,13,10,28.2,6.3,13.5,.466,1.9,5.3,.362,4.4,8.2,.533,.537,3.0,3.4,.886,0.8,4.4,5.2,3.1,0.8,0.1,2.0,2.6,17.5
301,C.J. Miles\milescj01,SG,32,WAS,10,0,16.1,1.9,5.9,.322,1.1,3.5,.314,0.8,2.4,.333,.415,1.5,2.0,.750,0.4,0.8,1.2,1.2,1.0,0.4,0.4,1.4,6.4
302,Malcolm Miller\millema01,SF,26,TOR,8,1,6.0,0.8,1.4,.545,0.6,1.3,.500,0.1,0.1,1.000,.773,0.1,0.5,.250,0.0,0.6,0.6,0.5,0.0,0.1,0.3,0.6,2.3
303,Patty Mills\millspa02,PG,31,SAS,21,1,22.3,4.0,8.4,.469,2.0,4.8,.430,1.9,3.7,.519,.590,1.2,1.5,.806,0.2,1.0,1.2,2.0,0.9,0.2,1.0,1.5,11.1
304,Paul Millsap\millspa01,PF,34,DEN,17,17,26.1,4.5,9.2,.484,1.2,2.4,.488,3.3,6.8,.483,.548,3.4,3.8,.877,2.1,3.8,5.8,1.2,0.9,0.8,1.1,2.8,13.5
305,Shake Milton\miltosh01,SG,23,PHI,8,0,8.8,1.3,3.6,.345,0.5,2.1,.235,0.8,1.5,.500,.414,0.8,0.9,.857,0.1,0.8,0.9,0.5,0.1,0.0,1.5,1.6,3.8
306,Donovan Mitchell\mitchdo01,SG,23,UTA,20,20,34.7,9.1,20.6,.440,2.4,6.2,.379,6.7,14.4,.467,.498,4.4,5.3,.830,1.0,3.9,4.9,3.7,1.4,0.3,2.1,2.4,24.9
307,Naz Mitrou-Long\mitrona01,SG,26,IND,3,0,14.3,2.0,5.3,.375,0.7,3.7,.182,1.3,1.7,.800,.438,0.0,0.0,,0.0,2.0,2.0,2.3,0.3,0.3,0.7,0.3,4.7
308,Malik Monk\monkma01,SG,21,CHO,21,0,21.2,3.8,8.4,.446,1.1,3.9,.280,2.7,4.5,.589,.511,1.2,1.4,.833,0.3,2.3,2.6,2.2,0.3,0.2,1.5,1.7,9.8
309,E'Twaun Moore\mooreet01,SG,30,NOP,15,3,21.3,3.9,9.3,.417,1.3,3.6,.370,2.5,5.7,.447,.489,0.9,1.5,.636,0.9,2.5,3.4,1.5,0.5,0.1,0.7,1.8,10.0
310,Ja Morant\moranja01,PG,20,MEM,17,17,28.7,6.9,15.2,.457,0.9,2.3,.410,6.0,12.9,.466,.488,3.8,5.0,.765,0.9,2.2,3.2,6.4,1.4,0.3,3.4,1.7,18.6
311,Juwan Morgan\morgaju01,PF,22,UTA,1,0,3.0,0.0,0.0,,0.0,0.0,,0.0,0.0,,,0.0,0.0,,0.0,1.0,1.0,0.0,0.0,0.0,0.0,1.0,0.0
312,Marcus Morris\morrima03,SF,30,NYK,19,19,33.1,6.0,14.2,.424,2.8,5.4,.524,3.2,8.7,.361,.524,3.8,4.6,.839,1.2,4.9,6.2,1.3,0.9,0.6,1.9,3.3,18.7
313,Markieff Morris\morrima02,PF,30,DET,20,12,22.9,4.0,8.3,.476,1.6,3.9,.403,2.4,4.5,.539,.569,1.1,1.5,.733,0.5,3.2,3.7,1.7,0.7,0.2,1.7,2.5,10.6
314,Monte Morris\morrimo01,PG,24,DEN,17,0,17.2,2.7,6.5,.414,0.4,1.1,.389,2.3,5.5,.419,.446,0.8,1.2,.700,0.2,1.6,1.8,3.4,0.4,0.2,0.6,0.6,6.6
315,Johnathan Motley\motlejo01,PF,24,LAC,2,0,2.0,0.5,1.5,.333,0.5,0.5,1.000,0.0,1.0,.000,.500,0.0,0.0,,0.5,0.5,1.0,1.0,0.0,0.0,1.0,0.5,1.5
316,Emmanuel Mudiay\mudiaem01,PG,23,UTA,17,0,16.2,3.2,6.6,.478,0.4,1.6,.259,2.8,5.1,.547,.509,1.0,1.3,.773,0.4,2.3,2.6,2.4,0.4,0.2,1.9,1.7,7.8
317,Dejounte Murray\murrade01,PG,23,SAS,18,13,22.3,3.8,8.3,.453,0.3,1.3,.208,3.5,7.0,.500,.470,1.8,2.3,.780,1.2,4.9,6.1,4.2,1.5,0.3,2.2,2.2,9.6
318,Jamal Murray\murraja01,PG,22,DEN,17,17,33.2,7.1,16.2,.436,1.9,5.4,.348,5.2,10.8,.481,.495,2.5,2.8,.896,0.8,3.8,4.5,4.9,1.6,0.4,2.5,2.0,18.5
319,Džanan Musa\musadz01,SF,20,BRK,15,0,16.0,1.7,5.1,.329,0.5,2.5,.184,1.2,2.5,.474,.375,1.3,1.7,.731,0.5,2.3,2.7,1.3,0.5,0.1,1.4,0.9,5.1
320,Mike Muscala\muscami01,C,28,OKC,13,0,11.5,1.2,4.0,.288,0.8,3.0,.256,0.4,1.0,.385,.385,0.5,0.6,.875,0.5,2.1,2.5,1.1,0.2,0.2,0.4,1.5,3.6
321,Sviatoslav Mykhailiuk\mykhasv01,SF,22,DET,15,0,16.1,1.7,3.9,.441,1.4,2.9,.477,0.3,1.0,.333,.619,0.2,0.3,.750,0.3,0.9,1.2,1.1,0.3,0.1,0.8,1.3,5.1
322,Abdel Nader\naderab01,SF,26,OKC,12,0,14.1,2.3,4.9,.475,1.0,2.6,.387,1.3,2.3,.571,.576,1.2,1.5,.778,0.3,1.4,1.8,0.7,0.3,0.3,1.1,1.0,6.8
323,Larry Nance\nancela02,C,27,CLE,17,3,25.9,4.2,7.8,.541,1.3,3.3,.393,2.9,4.5,.649,.624,1.3,1.8,.710,2.1,5.6,7.6,1.3,1.1,0.4,0.9,1.6,11.1
324,Shabazz Napier\napiesh01,PG,28,MIN,7,0,20.3,2.0,6.3,.318,1.1,4.6,.250,0.9,1.7,.500,.409,2.1,2.6,.833,0.1,2.1,2.3,3.9,1.4,0.4,1.9,0.9,7.3
325,Raul Neto\netora01,PG,27,PHI,17,2,11.7,1.6,3.3,.500,0.5,1.1,.421,1.2,2.2,.541,.571,0.2,0.2,.750,0.2,0.9,1.1,1.5,0.4,0.1,0.9,0.6,3.9
326,Georges Niang\niangge01,PF,26,UTA,14,0,10.0,1.3,2.9,.450,0.6,1.7,.375,0.6,1.1,.563,.563,0.5,0.7,.700,0.1,1.4,1.5,0.5,0.0,0.1,0.6,1.4,3.7
327,Nerlens Noel\noelne01,C,25,OKC,18,3,18.6,3.0,4.7,.635,0.0,0.0,,3.0,4.7,.635,.635,1.6,2.1,.763,1.3,3.6,4.8,1.4,0.9,1.7,1.1,2.8,7.6
328,Zach Norvell\norveza01,SG,22,LAL,2,0,2.5,0.0,0.5,.000,0.0,0.0,,0.0,0.5,.000,.000,0.0,0.0,,0.0,0.5,0.5,0.0,0.0,0.0,0.0,0.0,0.0
329,Jaylen Nowell\nowelja01,SG,20,MIN,2,0,7.5,0.5,2.0,.250,0.0,1.5,.000,0.5,0.5,1.000,.250,0.5,0.5,1.000,0.0,0.5,0.5,1.5,0.0,0.0,0.5,0.5,1.5
330,Frank Ntilikina\ntilila01,PG,21,NYK,19,15,26.1,2.5,6.5,.382,0.8,2.5,.333,1.6,3.9,.413,.447,0.7,0.9,.765,0.4,1.7,2.2,3.5,1.4,0.5,1.2,2.7,6.5
331,Kendrick Nunn\nunnke01,SG,24,MIA,19,19,29.1,6.4,13.8,.464,2.2,5.8,.382,4.2,8.1,.523,.544,1.1,1.4,.769,0.2,2.2,2.4,3.2,1.2,0.3,2.1,2.8,16.1
332,David Nwaba\nwabada01,SF,27,BRK,12,0,11.4,1.2,1.8,.636,0.3,0.8,.400,0.8,1.0,.833,.727,0.6,1.0,.583,0.3,1.7,2.0,0.3,0.3,0.6,0.4,1.5,3.3
333,Royce O'Neale\onealro01,PF,26,UTA,20,19,28.7,2.1,4.3,.488,1.3,2.7,.472,0.9,1.7,.515,.634,0.5,0.6,.833,0.1,4.6,4.7,2.7,0.8,0.3,0.9,2.9,6.0
334,Kyle O'Quinn\oquinky01,C,29,PHI,13,0,9.2,1.4,2.5,.545,0.4,0.9,.417,1.0,1.6,.619,.621,0.2,0.5,.333,1.0,2.3,3.3,1.3,0.2,0.5,0.9,1.4,3.3
335,Semi Ojeleye\ojelese01,PF,25,BOS,19,1,13.1,1.0,2.3,.432,0.5,1.3,.360,0.5,1.0,.526,.534,0.3,0.4,.625,0.3,1.3,1.5,0.4,0.3,0.1,0.2,1.0,2.7
336,Jahlil Okafor\okafoja01,C,24,NOP,13,6,17.6,3.8,5.8,.653,0.1,0.2,.500,3.7,5.6,.658,.660,1.8,2.8,.667,1.6,3.1,4.7,1.3,0.3,1.0,1.5,2.8,9.5
337,Elie Okobo\okoboel01,PG,22,PHO,13,0,11.1,1.5,3.8,.400,0.8,1.8,.417,0.8,2.0,.385,.500,0.7,1.3,.529,0.2,1.0,1.2,2.8,0.3,0.0,0.3,0.6,4.5
338,Josh Okogie\okogijo01,SG,21,MIN,17,2,24.1,2.6,6.2,.429,0.6,2.4,.250,2.1,3.8,.538,.476,2.6,3.5,.746,1.5,3.8,5.3,1.9,1.1,0.4,1.4,2.1,8.5
339,KZ Okpala\okpalkz01,SF,20,MIA,2,0,1.5,0.0,0.0,,0.0,0.0,,0.0,0.0,,,0.0,0.0,,0.0,0.5,0.5,0.0,0.0,0.0,0.5,0.0,0.0
340,Kelly Olynyk\olynyke01,C,28,MIA,19,0,22.8,3.0,6.4,.467,1.6,3.7,.437,1.4,2.7,.510,.594,1.1,1.3,.875,0.9,4.2,5.2,1.5,1.0,0.4,1.4,2.5,8.7
341,Miye Oni\onimi01,SG,22,UTA,2,0,2.0,0.0,0.0,,0.0,0.0,,0.0,0.0,,,0.0,0.0,,0.0,0.0,0.0,0.0,0.0,0.0,0.5,0.0,0.0
342,Cedi Osman\osmande01,SF,24,CLE,19,19,30.1,3.6,8.5,.420,1.6,4.4,.369,1.9,4.1,.474,.515,0.9,1.4,.692,0.5,3.3,3.8,2.2,1.1,0.2,1.3,2.4,9.7
343,Kelly Oubre\oubreke01,SF,24,PHO,18,18,31.0,6.1,13.2,.460,1.6,4.4,.354,4.5,8.8,.513,.519,3.8,4.7,.812,1.3,4.6,5.9,1.7,1.3,0.6,1.7,3.2,17.5
344,Jabari Parker\parkeja01,PF,24,ATL,20,15,28.0,6.9,13.5,.509,1.1,4.0,.278,5.8,9.5,.605,.550,2.0,2.7,.722,2.0,4.6,6.6,2.1,1.6,0.5,1.9,3.4,16.8
345,Chandler Parsons\parsoch01,SF,31,ATL,3,0,11.7,1.3,4.0,.333,1.0,3.3,.300,0.3,0.7,.500,.458,0.0,0.0,,0.3,1.0,1.3,0.7,1.3,0.0,0.3,1.0,3.7
346,Eric Paschall\pascher01,PF,23,GSW,20,14,31.5,6.3,12.6,.496,0.7,2.5,.265,5.6,10.2,.552,.522,3.9,4.8,.811,1.5,3.8,5.3,1.6,0.4,0.4,1.6,2.1,17.0
347,Patrick Patterson\pattepa01,PF,30,LAC,19,11,13.7,1.5,3.9,.387,1.3,3.1,.407,0.3,0.8,.313,.547,0.2,0.4,.500,0.6,2.0,2.6,0.7,0.1,0.1,0.4,0.8,4.5
348,Justin Patton\pattoju01,C,22,OKC,2,0,4.5,0.5,1.5,.333,0.0,0.5,.000,0.5,1.0,.500,.333,0.0,0.0,,0.0,1.0,1.0,0.0,0.0,0.0,0.5,2.0,1.0
349,Chris Paul\paulch01,PG,34,OKC,19,19,30.5,4.9,10.8,.456,1.7,4.4,.386,3.3,6.5,.504,.534,4.1,4.6,.886,0.3,3.9,4.2,5.7,1.7,0.0,2.0,2.4,15.7
350,Elfrid Payton\paytoel01,PG,25,NYK,4,3,25.5,2.8,7.3,.379,1.3,2.0,.625,1.5,5.3,.286,.466,1.3,1.5,.833,0.8,2.3,3.0,3.8,2.5,0.0,1.8,2.0,8.0
351,Norvel Pelle\pelleno01,SF,26,PHI,1,0,13.0,0.0,0.0,,0.0,0.0,,0.0,0.0,,,3.0,4.0,.750,0.0,2.0,2.0,1.0,0.0,4.0,2.0,3.0,3.0
352,Theo Pinson\pinsoth01,SG,24,BRK,11,0,15.2,1.7,6.2,.279,0.6,3.1,.206,1.1,3.1,.353,.331,0.7,0.8,.889,0.4,1.5,1.8,2.6,0.5,0.0,1.5,1.5,4.8
353,Mason Plumlee\plumlma01,C,29,DEN,17,0,16.7,2.9,4.9,.590,0.0,0.1,.000,2.9,4.8,.605,.590,1.4,2.6,.511,1.8,3.8,5.6,2.1,0.6,0.8,1.5,2.6,7.1
354,Vincent Poirier\poirivi01,C,26,BOS,6,0,5.2,0.5,1.3,.375,0.0,0.0,,0.5,1.3,.375,.375,0.2,0.3,.500,0.8,0.5,1.3,0.5,0.2,0.3,0.5,1.2,1.2
355,Jakob Pöltl\poeltja01,C,24,SAS,21,6,17.9,2.5,4.3,.578,0.0,0.0,,2.5,4.3,.578,.578,0.8,1.3,.571,2.2,3.6,5.8,1.4,0.6,1.1,0.9,1.8,5.7
356,Shamorie Ponds\pondssh01,PG,21,TOR,2,0,4.0,1.0,2.0,.500,0.0,0.5,.000,1.0,1.5,.667,.500,0.0,0.0,,0.0,0.5,0.5,1.0,0.0,0.5,0.0,1.0,2.0
357,Jordan Poole\poolejo01,SG,20,GSW,21,9,25.7,2.8,10.4,.271,1.4,5.3,.259,1.4,5.0,.283,.337,2.0,2.3,.854,0.2,2.3,2.5,2.2,0.6,0.2,1.3,2.1,9.0
358,Kevin Porter\porteke02,SF,19,CLE,18,1,20.4,2.4,6.2,.387,0.4,2.1,.211,1.9,4.1,.479,.423,1.1,1.4,.760,0.3,2.7,3.0,1.9,0.8,0.2,1.3,2.6,6.3
359,Michael Porter\portemi01,PF,21,DEN,10,0,9.0,1.5,3.4,.441,0.2,1.0,.200,1.3,2.4,.542,.471,0.5,0.8,.625,0.8,1.5,2.3,0.4,0.0,0.3,0.6,1.3,3.7
360,Otto Porter\porteot01,SF,26,CHI,9,9,25.1,3.9,9.3,.417,1.8,4.4,.400,2.1,4.9,.432,.512,1.7,2.2,.750,0.9,2.6,3.4,1.6,1.0,0.3,0.8,2.2,11.2
361,Bobby Portis\portibo01,C,24,NYK,20,2,21.9,3.6,8.9,.401,1.1,2.9,.386,2.5,6.0,.408,.463,0.7,1.0,.700,1.8,4.2,6.0,1.1,0.7,0.3,1.0,1.8,8.9
362,Kristaps Porziņģis\porzikr01,PF,24,DAL,18,18,31.2,6.1,15.3,.400,2.2,6.3,.351,3.9,8.9,.435,.473,2.7,3.9,.690,1.7,7.6,9.2,1.4,0.6,2.1,1.7,2.9,17.2
363,Dwight Powell\poweldw01,C,28,DAL,16,13,25.6,3.2,5.1,.630,0.3,0.7,.364,2.9,4.4,.671,.654,1.1,2.1,.515,1.7,2.9,4.6,1.2,0.7,0.4,1.1,2.8,7.7
364,Norman Powell\powelno01,SG,26,TOR,19,11,28.1,4.6,10.0,.463,1.7,4.7,.371,2.9,5.3,.545,.550,1.8,2.2,.854,0.5,3.3,3.8,1.6,0.9,0.4,1.4,1.8,12.8
365,Julius Randle\randlju01,PF,25,NYK,20,20,32.8,6.4,14.1,.450,1.0,3.8,.253,5.4,10.4,.522,.484,3.6,5.5,.651,2.4,6.5,8.9,3.6,0.8,0.2,3.5,3.0,17.2
366,Cam Reddish\reddica01,SF,20,ATL,17,15,23.9,2.4,8.4,.287,0.8,3.6,.213,1.6,4.8,.341,.332,1.5,1.9,.788,0.6,2.9,3.5,1.7,0.9,0.3,1.8,1.9,7.1
367,J.J. Redick\redicjj01,SG,35,NOP,19,15,28.6,4.7,10.6,.446,3.5,7.4,.471,1.3,3.3,.387,.609,2.3,2.7,.843,0.2,2.8,3.1,1.9,0.5,0.3,1.3,1.6,15.2
368,Josh Richardson\richajo01,SG,26,PHI,16,16,32.0,5.8,12.8,.456,2.0,5.2,.386,3.8,7.6,.504,.534,2.5,3.1,.800,0.6,2.8,3.4,3.6,1.1,0.6,2.3,2.9,16.1
369,Austin Rivers\riverau01,SG,27,HOU,19,1,23.9,2.9,7.2,.401,1.2,4.1,.286,1.7,3.2,.550,.482,0.9,1.4,.692,0.7,1.9,2.6,1.4,0.5,0.1,0.6,1.9,7.9
370,Duncan Robinson\robindu01,SF,25,MIA,19,14,25.2,3.6,7.8,.459,2.7,6.5,.423,0.8,1.3,.640,.635,0.8,0.8,.938,0.1,2.7,2.8,0.7,0.7,0.4,0.7,2.5,10.7
371,Glenn Robinson\robingl02,SF,26,GSW,21,21,32.0,4.7,10.1,.462,1.3,3.4,.394,3.3,6.7,.496,.528,1.2,1.4,.833,1.6,3.0,4.6,2.0,1.0,0.3,0.9,1.6,11.9
372,Jerome Robinson\robinje01,SG,22,LAC,16,0,11.6,1.4,3.6,.379,0.7,1.9,.367,0.7,1.8,.393,.474,0.3,0.5,.625,0.0,1.3,1.3,1.1,0.3,0.4,0.7,1.4,3.8
373,Justin Robinson\robinju01,PG,22,WAS,4,0,3.0,0.5,1.3,.400,0.3,0.3,1.000,0.3,1.0,.250,.500,0.0,0.0,,0.3,0.5,0.8,0.5,0.0,0.0,0.5,0.0,1.3
374,Mitchell Robinson\robinmi01,C,21,NYK,16,6,20.3,3.4,4.9,.696,0.0,0.0,,3.4,4.9,.696,.696,1.9,2.8,.667,2.8,3.4,6.2,0.6,0.6,1.9,0.9,3.7,8.8
375,Rajon Rondo\rondora01,PG,33,LAL,10,0,20.0,3.1,7.1,.437,1.3,2.9,.448,1.8,4.2,.429,.528,0.5,0.7,.714,0.4,2.4,2.8,5.5,0.9,0.0,1.8,1.0,8.0
376,Derrick Rose\rosede01,PG,31,DET,15,1,23.3,6.3,12.6,.497,0.9,2.3,.382,5.4,10.3,.523,.532,2.9,3.3,.878,0.4,1.3,1.7,5.6,0.9,0.5,2.8,1.2,16.3
377,Terrence Ross\rosste01,SG,28,ORL,17,0,24.4,4.4,10.9,.398,1.8,6.2,.286,2.6,4.8,.543,.478,1.5,1.8,.806,0.3,2.7,3.0,1.0,0.9,0.4,1.1,1.7,11.9
378,Terry Rozier\roziete01,PG,25,CHO,21,21,32.3,6.1,14.3,.429,2.6,6.4,.403,3.6,8.0,.449,.518,2.7,3.1,.862,0.8,3.2,4.0,4.1,1.2,0.2,2.7,2.2,17.5
379,Ricky Rubio\rubiori01,PG,29,PHO,13,13,30.6,4.5,11.2,.407,1.3,3.5,.378,3.2,7.7,.420,.466,3.2,3.8,.837,0.5,4.5,5.1,7.8,1.2,0.0,2.0,3.0,13.5
380,D'Angelo Russell\russeda01,SG,23,GSW,10,10,31.5,8.5,18.7,.455,2.8,7.9,.354,5.7,10.8,.528,.529,4.5,5.9,.763,0.2,3.4,3.6,6.7,0.8,0.5,3.4,1.8,24.3
381,Domantas Sabonis\sabondo01,C,23,IND,17,17,34.4,7.2,14.0,.513,0.3,1.2,.250,6.9,12.8,.537,.523,3.8,4.8,.802,3.7,9.3,13.0,3.6,0.7,0.5,2.7,3.5,18.5
382,JaKarr Sampson\sampsja02,SF,26,IND,9,7,18.4,2.6,4.6,.561,0.2,1.1,.200,2.3,3.4,.677,.585,0.2,0.8,.286,0.8,1.9,2.7,0.4,0.6,0.7,0.7,2.6,5.6
383,Dario Šarić\saricda01,PF,25,PHO,18,18,27.8,3.8,9.2,.416,1.7,4.7,.369,2.1,4.6,.463,.509,1.2,1.4,.846,1.6,5.4,7.1,2.0,1.0,0.5,1.4,2.5,10.6
384,Tomáš Satoranský\satorto01,PG,28,CHI,20,20,26.3,3.5,7.6,.464,1.4,3.1,.443,2.2,4.5,.478,.553,1.0,1.2,.870,0.9,2.5,3.4,5.3,1.5,0.2,2.1,2.2,9.4
385,Admiral Schofield\schofad01,SF,22,WAS,6,0,8.7,1.2,1.7,.700,0.7,1.2,.571,0.5,0.5,1.000,.900,0.7,0.7,1.000,0.3,1.0,1.3,0.2,0.0,0.0,0.0,0.5,3.7
386,Dennis Schröder\schrode01,PG,26,OKC,19,0,28.8,6.0,13.6,.442,1.4,4.8,.297,4.6,8.8,.521,.494,2.1,2.7,.765,0.4,3.5,3.9,3.9,0.8,0.3,2.9,2.2,15.5
387,Mike Scott\scottmi01,PF,31,PHI,20,0,19.3,2.1,5.1,.412,1.1,3.3,.323,1.1,1.9,.568,.515,0.5,0.6,.909,0.8,2.7,3.4,0.7,0.3,0.1,0.5,1.6,5.8
388,Thabo Sefolosha\sefolth01,PF,35,HOU,16,0,11.4,0.9,2.6,.333,0.5,1.6,.308,0.4,1.0,.375,.429,0.0,0.0,,0.7,1.8,2.4,0.9,0.5,0.3,0.3,1.1,2.3
389,Collin Sexton\sextoco01,SG,21,CLE,19,19,30.6,6.8,15.6,.438,1.3,3.8,.333,5.6,11.8,.471,.478,2.9,3.6,.797,0.9,2.3,3.2,2.4,0.8,0.1,1.8,2.3,17.8
390,Landry Shamet\shamela01,SG,22,LAC,10,10,29.4,3.0,7.7,.390,2.1,5.8,.362,0.9,1.9,.474,.526,1.0,1.0,1.000,0.0,1.5,1.5,1.7,0.4,0.1,1.2,3.1,9.1
391,Iman Shumpert\shumpim01,SG,29,BRK,9,0,18.6,1.8,5.3,.333,0.8,3.0,.259,1.0,2.3,.429,.406,0.3,0.6,.600,0.7,1.8,2.4,0.7,0.9,0.2,1.0,1.7,4.7
392,Pascal Siakam\siakapa01,PF,25,TOR,19,19,36.8,9.6,20.5,.470,2.5,6.5,.390,7.1,14.0,.508,.532,3.8,4.7,.811,1.6,6.8,8.4,4.0,0.9,0.7,2.9,3.0,25.6
393,Chris Silva\silvach01,PF,23,MIA,18,0,10.3,1.6,2.3,.683,0.0,0.1,.000,1.6,2.2,.718,.683,1.1,1.6,.714,2.0,2.3,4.3,0.7,0.2,0.8,1.3,2.8,4.2
394,Ben Simmons\simmobe01,PG,23,PHI,18,18,34.3,5.3,10.2,.522,0.1,0.2,.333,5.3,10.1,.525,.524,2.2,3.6,.615,1.5,5.4,6.9,8.4,2.3,0.6,3.8,3.3,12.9
395,Anfernee Simons\simonan01,SG,20,POR,20,1,21.6,3.8,9.0,.419,1.5,4.2,.345,2.3,4.8,.484,.500,1.3,1.8,.743,0.2,1.6,1.8,1.4,0.5,0.1,1.0,1.9,10.3
396,Marcus Smart\smartma01,SG,25,BOS,19,14,31.9,4.1,10.9,.377,2.2,6.6,.328,1.9,4.3,.451,.476,1.5,1.7,.879,0.9,2.5,3.4,4.7,1.4,0.5,1.2,2.4,11.9
397,Dennis Smith\smithde03,PG,22,NYK,13,0,17.2,2.3,6.2,.370,0.7,1.9,.360,1.6,4.3,.375,.426,0.7,1.3,.529,0.8,0.9,1.7,2.9,0.5,0.2,1.6,2.4,6.0
398,Ish Smith\smithis01,PG,31,WAS,18,5,23.9,3.5,8.1,.434,0.7,2.2,.325,2.8,5.8,.476,.479,0.4,0.7,.615,0.6,2.6,3.2,4.1,0.8,0.4,1.2,1.6,8.2
399,Tony Snell\snellto01,SF,28,DET,16,14,25.6,3.0,6.5,.462,2.1,4.6,.459,0.9,1.9,.467,.625,0.3,0.3,1.000,0.3,1.4,1.7,1.6,0.4,0.1,0.6,1.8,8.4
400,Omari Spellman\spellom01,PF,22,GSW,20,0,18.4,2.8,6.6,.427,0.8,2.1,.357,2.1,4.5,.461,.485,1.6,1.9,.816,2.3,3.5,5.8,1.0,0.7,0.7,1.3,1.3,7.9
401,Max Strus\strusma01,SG,23,CHI,2,0,3.0,1.0,1.5,.667,0.0,0.5,.000,1.0,1.0,1.000,.667,0.5,0.5,1.000,0.5,0.0,0.5,0.0,0.0,0.0,0.0,0.5,2.5
402,Edmond Sumner\sumneed01,PG,24,IND,3,2,22.3,3.0,6.0,.500,0.0,1.0,.000,3.0,5.0,.600,.500,1.0,1.7,.600,0.3,0.7,1.0,2.0,1.7,0.3,0.3,3.0,7.0
403,Caleb Swanigan\swanica01,PF,22,SAC,4,0,2.8,0.3,0.5,.500,0.0,0.0,,0.3,0.5,.500,.500,0.3,0.5,.500,0.3,0.8,1.0,0.0,0.3,0.5,0.8,0.8,0.8
404,Jayson Tatum\tatumja01,PF,21,BOS,19,19,34.6,7.6,18.6,.411,2.4,6.5,.366,5.3,12.1,.435,.475,3.4,4.2,.823,1.4,5.7,7.1,2.7,1.5,0.6,2.2,2.4,21.1
405,Jeff Teague\teaguje01,PG,31,MIN,15,11,28.9,3.7,9.0,.415,0.7,2.5,.270,3.1,6.5,.469,.452,4.3,5.0,.853,0.5,2.3,2.7,7.5,0.9,0.3,2.1,2.2,12.4
406,Garrett Temple\templga01,SG,33,BRK,20,11,26.9,3.2,8.0,.400,2.0,5.8,.345,1.2,2.2,.545,.525,0.9,1.2,.750,0.5,2.7,3.1,2.2,1.0,0.6,0.9,2.0,9.3
407,Daniel Theis\theisda01,C,27,BOS,16,15,21.6,2.6,5.3,.482,0.1,0.8,.154,2.4,4.5,.542,.494,1.2,1.7,.704,1.7,5.1,6.8,1.3,0.5,1.5,0.8,3.2,6.4
408,Isaiah Thomas\thomais02,PG,30,WAS,16,13,24.4,4.6,10.6,.435,2.0,4.9,.410,2.6,5.8,.457,.529,0.9,1.1,.778,0.1,1.5,1.6,4.9,0.4,0.2,2.1,2.1,12.1
409,Khyri Thomas\thomakh01,SG,23,DET,2,0,3.0,0.0,0.0,,0.0,0.0,,0.0,0.0,,,0.5,1.0,.500,0.0,0.0,0.0,0.0,0.0,0.0,0.0,0.0,0.5
410,Matt Thomas\thomama02,SG,25,TOR,12,0,11.3,1.7,3.1,.541,1.2,2.2,.538,0.5,0.9,.545,.730,0.3,0.4,.600,0.1,1.0,1.1,0.3,0.3,0.0,0.3,1.0,4.8
411,Tristan Thompson\thomptr01,C,28,CLE,18,18,31.5,5.9,11.5,.517,0.2,0.4,.429,5.8,11.1,.520,.524,2.1,3.3,.617,4.1,6.3,10.4,2.3,0.8,1.2,1.6,2.5,14.1
412,Matisse Thybulle\thybuma01,SG,22,PHI,19,3,15.1,1.3,3.4,.391,0.7,1.8,.382,0.6,1.6,.400,.492,0.6,0.9,.706,0.2,0.8,1.1,0.9,1.4,0.7,1.1,2.4,3.9
413,Anthony Tolliver\tollian01,PF,34,POR,15,7,17.8,1.1,3.9,.293,0.9,3.1,.283,0.3,0.8,.333,.405,0.6,0.7,.818,0.6,2.7,3.3,0.7,0.2,0.4,0.7,1.3,3.7
414,Karl-Anthony Towns\townska01,C,24,MIN,17,17,33.1,8.8,17.5,.502,3.8,8.9,.421,5.0,8.5,.586,.609,4.6,5.8,.806,2.6,9.9,12.5,4.1,1.0,1.4,3.3,3.3,25.9
415,Gary Trent\trentga02,SG,21,POR,11,1,8.5,1.4,3.0,.455,1.0,2.1,.478,0.4,0.9,.400,.621,0.0,0.0,,0.3,0.8,1.1,0.5,0.2,0.2,0.2,0.6,3.7
416,Allonzo Trier\trieral01,PG,24,NYK,9,1,13.8,2.1,4.2,.500,1.1,2.4,.455,1.0,1.8,.563,.632,2.1,2.7,.792,0.1,1.4,1.6,1.4,0.2,0.3,1.7,2.2,7.4
417,P.J. Tucker\tuckepj01,PF,34,HOU,19,19,34.7,3.5,6.6,.536,1.9,4.1,.462,1.6,2.5,.660,.680,0.8,0.9,.833,1.5,4.6,6.1,1.4,1.4,0.5,0.9,3.2,9.7
418,Evan Turner\turneev01,PG,31,ATL,12,0,12.8,1.6,4.1,.388,0.0,0.3,.000,1.6,3.8,.422,.388,0.8,1.0,.833,0.4,1.7,2.1,1.9,0.6,0.5,1.4,1.3,4.0
419,Myles Turner\turnemy01,C,23,IND,11,11,31.1,4.4,9.7,.449,1.7,4.1,.422,2.6,5.6,.468,.537,1.3,1.9,.667,1.5,4.5,6.0,1.0,0.5,2.5,1.7,2.5,11.7
420,Jonas Valančiūnas\valanjo01,C,27,MEM,18,18,24.7,5.7,10.3,.554,0.6,1.7,.333,5.2,8.7,.596,.581,1.6,1.8,.848,2.6,7.2,9.8,1.9,0.3,0.9,2.2,2.6,13.6
421,Denzel Valentine\valende01,SF,26,CHI,6,0,7.0,1.5,3.7,.409,0.8,2.3,.357,0.7,1.3,.500,.523,0.0,0.0,,0.3,1.3,1.7,0.5,0.2,0.2,0.2,0.5,3.8
422,Jarred Vanderbilt\vandeja01,SF,20,DEN,3,0,3.0,0.0,0.0,,0.0,0.0,,0.0,0.0,,,0.0,0.0,,0.0,0.7,0.7,0.3,0.0,0.0,0.3,0.0,0.0
423,Fred VanVleet\vanvlfr01,PG,25,TOR,19,19,37.5,6.0,14.6,.410,2.7,6.8,.400,3.3,7.8,.419,.504,3.9,4.4,.881,0.2,3.7,3.9,7.5,1.9,0.1,2.5,2.3,18.6
424,Noah Vonleh\vonleno01,C,24,MIN,14,1,12.6,1.4,3.1,.465,0.1,0.7,.100,1.4,2.4,.576,.477,1.1,1.4,.842,1.2,2.4,3.6,1.1,0.3,0.2,0.9,1.4,4.1
425,Nikola Vučević\vucevni01,C,29,ORL,14,14,30.8,6.8,15.1,.450,1.1,3.6,.320,5.6,11.5,.491,.488,2.4,2.8,.846,2.9,8.6,11.6,3.5,0.6,1.1,1.4,1.9,17.1
426,Dean Wade\wadede01,PF,23,CLE,3,0,6.0,0.3,0.7,.500,0.3,0.3,1.000,0.0,0.3,.000,.750,0.0,0.0,,0.0,0.7,0.7,0.0,0.3,0.0,0.0,1.0,1.0
427,Moritz Wagner\wagnemo01,C,22,WAS,17,0,19.4,4.6,7.6,.608,1.1,2.6,.432,3.5,5.1,.698,.681,1.6,1.9,.844,1.5,4.1,5.6,1.4,0.7,0.7,2.4,3.9,12.0
428,Kemba Walker\walkeke02,PG,29,BOS,18,18,32.3,6.9,17.3,.402,3.4,8.8,.386,3.6,8.5,.418,.500,4.3,4.8,.907,1.2,3.6,4.7,5.0,0.9,0.4,2.2,1.8,21.6
429,Lonnie Walker\walkelo01,SG,21,SAS,14,0,5.8,1.1,2.8,.410,0.1,0.5,.286,1.0,2.3,.438,.436,0.1,0.5,.143,0.3,0.6,0.9,0.4,0.1,0.1,0.2,0.4,2.5
430,Tyrone Wallace\wallaty01,SG,25,ATL,12,0,12.2,1.2,3.5,.333,0.1,1.2,.071,1.1,2.3,.464,.345,0.9,1.4,.647,0.3,1.6,1.8,1.0,0.4,0.1,0.8,1.4,3.3
431,Taurean Waller-Prince\princta02,SF,25,BRK,20,20,30.3,4.7,11.8,.396,2.8,7.1,.390,1.9,4.7,.404,.513,1.0,1.4,.704,0.9,5.1,6.0,1.9,0.8,0.4,2.2,2.8,13.0
432,Derrick Walton\waltode01,PG,24,LAC,5,0,3.8,0.4,0.6,.667,0.2,0.4,.500,0.2,0.2,1.000,.833,0.0,0.0,,0.0,0.0,0.0,0.4,0.0,0.0,0.2,0.6,1.0
433,Brad Wanamaker\wanambr01,PG,30,BOS,19,0,17.4,2.5,4.9,.505,0.5,1.3,.417,1.9,3.6,.536,.559,2.2,2.4,.911,0.5,1.7,2.2,2.8,0.7,0.2,1.2,1.7,7.6
434,T.J. Warren\warretj01,SF,26,IND,19,19,33.5,7.4,14.7,.502,1.2,3.0,.386,6.2,11.7,.532,.541,2.1,2.5,.813,0.7,2.7,3.4,1.1,1.2,0.3,1.4,2.5,17.9
435,PJ Washington\washipj01,PF,21,CHO,21,21,28.0,4.5,9.0,.497,1.4,3.0,.453,3.1,6.0,.520,.574,1.5,2.2,.674,0.9,4.2,5.1,1.6,1.2,0.8,1.2,2.7,11.8
436,Yuta Watanabe\watanyu01,SG,25,MEM,1,0,3.0,2.0,2.0,1.000,0.0,0.0,,2.0,2.0,1.000,1.000,0.0,0.0,,0.0,1.0,1.0,0.0,0.0,0.0,0.0,1.0,4.0
437,Tremont Waters\watertr01,PG,22,BOS,1,0,20.0,2.0,7.0,.286,1.0,5.0,.200,1.0,2.0,.500,.357,2.0,2.0,1.000,0.0,2.0,2.0,3.0,1.0,2.0,2.0,2.0,7.0
438,Russell Westbrook\westbru01,PG,31,HOU,17,17,33.2,8.1,19.1,.426,1.2,5.3,.233,6.9,13.8,.500,.458,4.6,6.4,.722,1.4,6.3,7.6,6.9,1.5,0.3,4.3,3.9,22.1
439,Coby White\whiteco01,SG,19,CHI,20,0,25.4,4.7,12.8,.367,2.0,6.2,.325,2.7,6.7,.406,.445,1.6,2.0,.795,0.3,3.3,3.5,2.1,0.9,0.0,1.5,1.4,13.0
440,Derrick White\whitede01,SG,25,SAS,19,7,23.9,3.5,7.4,.468,1.0,2.4,.422,2.5,5.1,.490,.535,2.1,2.7,.784,0.5,1.8,2.4,3.0,0.5,0.7,1.2,2.5,10.1
441,Hassan Whiteside\whiteha01,C,30,POR,17,17,27.6,6.0,10.3,.583,0.0,0.0,,6.0,10.3,.583,.583,2.8,3.6,.758,3.6,8.8,12.4,0.9,0.4,2.2,2.0,2.9,14.8
442,Andrew Wiggins\wiggian01,SF,24,MIN,16,16,34.9,9.4,20.4,.462,2.3,6.6,.343,7.2,13.9,.518,.517,3.7,5.3,.702,1.2,4.3,5.4,3.5,0.7,1.2,1.9,2.3,24.8
443,Grant Williams\willigr01,PF,21,BOS,18,0,14.8,0.8,3.0,.259,0.0,1.2,.000,0.8,1.8,.438,.259,0.7,0.8,.800,0.7,1.5,2.2,0.8,0.4,0.7,0.8,1.8,2.2
444,Kenrich Williams\willike04,PF,25,NOP,19,11,24.7,2.1,4.8,.429,1.1,3.0,.351,1.0,1.8,.559,.538,0.4,1.0,.421,1.7,4.2,5.9,1.8,0.9,0.7,0.8,2.7,5.6
445,Lou Williams\willilo02,SG,33,LAC,21,3,31.6,6.9,16.1,.429,1.9,5.0,.375,5.0,11.1,.453,.487,6.0,7.1,.847,0.6,2.8,3.4,6.3,0.6,0.1,3.2,1.5,21.7
446,Marvin Williams\willima02,PF,33,CHO,21,0,19.6,2.7,5.4,.491,1.3,3.3,.406,1.3,2.1,.622,.614,0.7,0.9,.833,0.5,2.3,2.8,0.9,0.6,0.3,0.6,1.8,7.4
447,Robert Williams\williro04,C,22,BOS,17,1,13.9,1.9,2.6,.711,0.0,0.0,,1.9,2.6,.711,.711,0.4,0.7,.583,1.1,3.2,4.4,1.2,0.9,1.2,0.9,1.8,4.2
448,Nigel Williams-Goss\willini01,PG,25,UTA,5,0,3.0,0.0,0.8,.000,0.0,0.2,.000,0.0,0.6,.000,.000,0.4,0.4,1.000,0.2,0.2,0.4,0.2,0.0,0.0,0.2,0.2,0.4
449,D.J. Wilson\wilsodj01,PF,23,MIL,8,0,9.8,1.5,3.6,.414,0.8,2.8,.273,0.8,0.9,.857,.517,0.0,0.0,,0.4,1.4,1.8,1.0,0.0,0.1,0.5,0.6,3.8
450,Justise Winslow\winslju01,SF,23,MIA,8,5,33.9,4.8,12.5,.380,0.5,2.6,.190,4.3,9.9,.430,.400,2.1,3.1,.680,1.6,5.3,6.9,4.4,0.9,0.4,2.5,3.4,12.1
451,Christian Wood\woodch01,PF,24,DET,18,0,14.7,3.3,5.4,.612,0.7,1.5,.481,2.6,3.9,.662,.679,1.6,2.3,.690,1.2,3.3,4.5,0.4,0.3,1.0,0.8,0.8,9.0
452,Delon Wright\wrighde01,SG,27,DAL,19,2,22.2,3.1,6.3,.496,0.6,1.8,.353,2.5,4.5,.553,.546,1.4,1.7,.813,0.8,2.7,3.6,3.4,1.3,0.3,0.7,1.3,8.2
453,Thaddeus Young\youngth01,PF,31,CHI,20,0,21.5,3.5,8.7,.402,1.1,3.4,.324,2.4,5.3,.453,.466,0.8,1.4,.556,1.8,2.8,4.6,1.7,1.1,0.3,1.6,1.7,8.9
454,Trae Young\youngtr01,PG,21,ATL,19,19,34.5,9.3,20.4,.454,3.4,8.8,.387,5.8,11.6,.505,.537,6.5,7.6,.854,0.5,3.7,4.2,8.4,1.4,0.1,4.9,1.2,28.4
455,Cody Zeller\zelleco01,C,27,CHO,18,17,24.3,4.4,8.5,.516,0.7,1.8,.364,3.7,6.7,.558,.556,1.7,2.7,.646,3.1,4.9,7.9,1.2,0.5,0.3,1.4,2.4,11.2
456,Ante Žižić\zizican01,C,23,CLE,5,0,13.4,2.0,3.6,.556,0.0,0.0,,2.0,3.6,.556,.556,0.8,1.0,.800,1.0,2.0,3.0,0.0,0.2,0.2,0.2,1.6,4.8
457,Ivica Zubac\zubaciv01,C,22,LAC,21,19,16.1,3.2,5.3,.604,0.0,0.0,.000,3.2,5.2,.609,.604,1.9,2.3,.813,2.3,4.3,6.6,0.9,0.2,1.0,0.9,2.5,8.2